asset,timestamp_utc,session_state,raw_error_bps,p1a_error_bps,improvement_bps,signed_disagreement_bps,xret_1_bps,xret_3_bps,xret_6_bps,xvol_6_bps,lag_alignment_3,innovation_abs_z,future_30m_resolution,future_30m_underlying_follow_bps
aaplx,2026-08-14T12:40:00Z,premarket,178.20472004290266,11.324383189705856,166.8803368531968,166.8803368531968,169.33940761050258,189.5065281904973,179.6345919889042,77.87933766711659,1.0,5.08764539188493,xstock_reversion,-7.657617754697199
aaplx,2026-09-02T19:05:00Z,regular,158.94941298889796,10.345932477893172,148.6034805110048,148.60348051100482,174.47709319499793,168.77057182879796,145.77695721520456,77.44456455634331,1.0,4.76560449221697,xstock_reversion,-11.220671804501592
aaplx,2026-09-17T22:10:00Z,afterhours,163.1982258637965,16.28718077659741,146.91104508719908,146.9110450871991,164.91442300780255,143.299485228896,148.41790239890074,77.09363159495861,1.0,4.53938378257377,xstock_reversion,-6.244331985003626
aaplx,2026-08-26T10:25:00Z,premarket,153.88051502330137,8.130298778397105,145.75021624490427,145.75021624490427,143.62732707869696,152.42327064109773,189.74635348049773,57.98619113054511,1.0,4.44346196746697,xstock_reversion,-4.847701476498045
aaplx,2026-08-21T21:10:00Z,afterhours,146.5343018791998,8.926535245494804,137.607766633705,137.607766633705,147.2863536744029,148.57862544830346,147.20565281900022,60.158431549285446,1.0,4.25192308612596,xstock_reversion,-0.9144248588999204
aaplx,2026-08-13T23:40:00Z,afterhours,146.52852366470626,10.622332584899752,135.9061910798065,135.9061910798065,147.8401872503987,147.51020517049795,144.39641250410418,62.337959922175855,1.0,4.19934634167887,,
aaplx,2026-09-02T11:10:00Z,premarket,143.3472087579002,8.376626657398134,134.97058210050207,-134.97058210050204,-145.3423775237006,-117.47606703329971,-77.22251393699864,65.95956219192568,1.0,4.11481947491244,xstock_reversion,-10.633034414899711
aaplx,2026-09-09T11:45:00Z,premarket,135.65999740180246,2.7945106260940378,132.8654867757084,138.4545080278965,130.08486609759728,96.81461463769914,139.21246717189638,63.75335829980666,1.0,4.22103318483619,xstock_reversion,-26.001711295196017
aaplx,2026-08-18T10:25:00Z,premarket,140.83861868500412,10.40689980320586,130.43171888179825,-130.43171888179828,-107.31356894010169,-138.56152364580154,-133.37866616380367,42.703671299262524,1.0,3.97644411581179,xstock_reversion,16.07391096290378
aaplx,2026-09-08T17:10:00Z,regular,148.6031837310975,21.439980625093114,127.16320310600437,-127.16320310600437,-135.49989437909636,-137.95578493300377,-140.5249698067035,60.55662804114886,1.0,4.07803054062171,xstock_reversion,-2.3717477519991093
aaplx,2026-08-14T16:05:00Z,regular,155.69454979050158,30.207532112696,125.48701767780558,125.48701767780557,109.37538333360308,144.20521374080232,140.28475619349834,46.316541859793205,1.0,4.02427650485572,xstock_reversion,1.9648939020999734
aaplx,2026-09-01T19:35:00Z,regular,141.6937462798984,19.822959706896626,121.87078657300177,121.87078657300177,144.5668310670989,132.9388981441948,144.15210005910063,60.41156356128608,1.0,3.90830662892364,xstock_reversion,-9.838888999400552
aaplx,2026-08-31T10:50:00Z,premarket,126.7645520096039,7.615684001596179,119.14886800800772,119.14886800800772,125.66721917270485,125.98014938820512,127.54400841840763,51.266851377356716,1.0,3.63246623718547,xstock_reversion,-15.346793497101885
aaplx,2026-08-12T10:15:00Z,premarket,114.55983929139713,0.14704627280259785,114.41279301859453,114.70688556419972,121.27862874519835,144.70235593579517,124.88681487009323,59.38596586282437,1.0,3.49704446169445,xstock_reversion,-23.622833256400355
aaplx,2026-09-09T12:00:00Z,premarket,116.9836716054018,5.328528815198297,111.6551427902035,111.6551427902035,63.096973839700254,-29.454580128795982,67.36003450890315,81.06192216352319,-1.0,3.40400662779388,xstock_reversion,-1.7604949733041053
aaplx,2026-08-14T12:50:00Z,premarket,114.3081360342979,5.526762506198324,108.78137352809958,-108.78137352809958,-128.35945865250054,-123.62527507399967,-164.47449372390287,120.31160104656401,1.0,3.31639463455754,xstock_reversion,7.205791147395502
aaplx,2026-09-17T16:10:00Z,regular,132.6358149604978,23.86924875490415,108.76656620559366,-108.76656620559366,-124.95410571319532,-96.26984958019946,-32.069194863195705,61.048913465564105,1.0,3.48806390489716,xstock_reversion,-2.382228586101931
aaplx,2026-08-19T18:35:00Z,regular,113.06310466149938,8.752551913895346,104.31055274760404,104.31055274760404,123.1523212631025,107.50619951149787,104.9668419755978,52.551372622753,1.0,3.34516282559747,xstock_reversion,30.286475909395705
aaplx,2026-08-26T12:05:00Z,premarket,116.50081001020496,12.848006407004675,103.65280360320028,-103.65280360320028,-95.75199944150015,-92.5564178939009,-122.26548815980287,38.3772600723884,1.0,3.16004101233182,xstock_reversion,-0.9701070074008555
aaplx,2026-09-11T22:35:00Z,afterhours,109.53424529309252,7.2425977659928975,102.29164752709963,-102.29164752709963,-106.26179907969657,-86.53382512649799,-80.70156765919378,49.53440708606551,1.0,3.16069527380792,xstock_reversion,1.2028266439934043
aaplx,2026-09-08T15:50:00Z,regular,119.89592314749942,18.76036506580192,101.1355580816975,101.1355580816975,130.77522069489868,129.32036388749958,139.78351936439816,56.903922712168956,1.0,3.24334307823719,xstock_reversion,-11.70978850470128
aaplx,2026-09-15T14:45:00Z,regular,113.74192220819701,13.87543935699398,99.86648285120303,99.86648285120303,135.74270867340311,131.80964375179906,115.10718939519826,58.024606948400475,1.0,3.2026447675463,xstock_reversion,17.581089705798192
aaplx,2026-09-18T11:55:00Z,premarket,99.20990302529908,1.4862399001014381,97.72366312519765,-97.72366312519765,-102.2584475727939,-100.92416569489338,-104.48432560729692,43.32240992703648,1.0,2.97928056565729,xstock_reversion,7.231015524897799
aaplx,2026-09-16T22:20:00Z,afterhours,103.98689420769713,7.379812274894704,96.60708193280243,-96.60708193280243,-116.3723914158954,-114.32555848579717,-120.57274666140039,49.75196888512612,1.0,2.98504867858665,xstock_reversion,-4.211412991299568
aaplx,2026-09-08T12:15:00Z,premarket,96.54489481380146,2.2729410080035706,94.27195380579789,94.27195380579789,104.04156271699883,113.3432580578031,71.99567311509725,47.88483036762765,1.0,2.87404903662318,xstock_reversion,-3.1429739077992735
aaplx,2026-09-17T13:20:00Z,premarket,94.10080949240118,3.646746815499924,90.45406267690126,-90.45406267690126,-94.70250458050167,-95.8994976048988,-111.90591251220461,38.45961087893259,1.0,2.7576538005221,p1a_catchup,98.5733769303998
aaplx,2026-08-14T13:00:00Z,premarket,105.2936146957073,16.097970128399197,89.19564456730811,89.19564456730811,122.745718565902,81.74265988320606,115.39965147510323,136.79293328187126,1.0,2.71928867484513,xstock_reversion,72.8178371464061
aaplx,2026-08-14T08:45:00Z,premarket,87.4164875415051,1.2009533405965556,86.21553420090855,88.61744088210166,94.12176042080667,67.85908409770336,99.52455073890754,41.475476775446815,1.0,2.70166110187815,xstock_reversion,-2.7313623533942177
aaplx,2026-09-09T11:10:00Z,premarket,89.56877373940131,4.1546527874025685,85.41412095199874,85.41412095199874,90.75682174930044,117.67271528760226,22.070652642103283,72.96885481767593,1.0,2.60400216740636,xstock_reversion,3.7624898610033597
aaplx,2026-09-18T23:15:00Z,afterhours,91.54498025639946,7.519282574799391,84.02569768160006,84.02569768160006,89.45355718319448,93.7832904408964,93.63415369739947,36.215935652445644,1.0,2.59629825074555,xstock_reversion,-0.05671657879346981
