asset,episode_id,start_utc,end_utc,duration_min,rows,dominant_session,peak_direction,max_disagreement_bps,mean_raw_error_bps,max_raw_error_bps,mean_p1a_error_bps,mean_improvement_bps,p1a_better_rate,any_true_tail,mean_abs_xret_3_bps,mean_xvol_6_bps,peak_30m_resolution,peak_30m_underlying_follow_bps
qqqx,qqqx_E0001,2026-06-23T18:20:00Z,2026-06-23T18:20:00Z,5,1,regular,xstock_above_p1a,43.15860774250169,40.12729178640484,40.12729178640484,3.0313159560968472,37.09597583030799,1.0,0,44.73632149680107,20.49539136975745,xstock_reversion,-46.88831695769835
qqqx,qqqx_E0002,2026-06-24T20:00:00Z,2026-06-24T20:05:00Z,10,2,afterhours,xstock_above_p1a,64.85324712449447,6.495531555099632,11.11286676239942,60.7965552349965,-54.301023679896865,0.0,0,118.2907390279997,29.534655254038103,p1a_catchup,74.44635238670116
qqqx,qqqx_E0003,2026-06-25T13:40:00Z,2026-06-25T14:05:00Z,30,4,regular,xstock_below_p1a,68.30138299260824,7.527390504946663,8.934988024993373,62.49704859312422,-54.96965808817755,0.0,0,107.42420578349953,38.24516744846017,p1a_catchup,72.69397728250304
qqqx,qqqx_E0004,2026-06-25T15:10:00Z,2026-06-25T15:10:00Z,5,1,regular,xstock_below_p1a,40.25836816619943,0.12382639070551704,0.12382639070551704,40.134541775493915,-40.0107153847884,0.0,0,43.28339613929977,29.70937953342992,xstock_reversion,-55.75616451509724
qqqx,qqqx_E0005,2026-06-26T08:00:00Z,2026-06-26T08:00:00Z,5,1,premarket,xstock_below_p1a,77.9614449848065,10.820346427804495,10.820346427804495,67.14109855700201,-56.320752129197516,0.0,0,4.538609874602528,16.897645314687992,p1a_catchup,8.03003558050186
qqqx,qqqx_E0006,2026-06-26T13:30:00Z,2026-06-26T13:30:00Z,5,1,regular,xstock_below_p1a,49.621512982396254,5.0304121683986125,5.0304121683986125,44.59110081399764,-39.56068864559903,0.0,0,8.07470976250002,30.378054617260762,xstock_reversion,-103.28421695790624
qqqx,qqqx_E0007,2026-06-26T15:05:00Z,2026-06-26T15:05:00Z,5,1,regular,xstock_below_p1a,75.90744412230066,80.57303799879456,80.57303799879456,4.665593876493901,75.90744412230066,1.0,1,69.41036027419578,32.04814377137379,xstock_reversion,-46.86534783330032
qqqx,qqqx_E0008,2026-06-26T20:05:00Z,2026-06-26T20:05:00Z,5,1,afterhours,xstock_above_p1a,40.2189881766013,39.34945608300211,39.34945608300211,0.8695320935991901,38.47992398940292,1.0,0,2.2920369076029345,27.724502167913656,xstock_reversion,-2.975958528601552
qqqx,qqqx_E0009,2026-06-29T08:00:00Z,2026-06-29T08:00:00Z,5,1,premarket,xstock_above_p1a,117.75720332940054,1.0510974249999805,1.0510974249999805,116.70610590440056,-115.65500847940058,0.0,0,2.44884291280556,5.192971879622904,p1a_catchup,17.760627828797837
qqqx,qqqx_E0010,2026-06-29T13:30:00Z,2026-06-29T13:30:00Z,5,1,regular,xstock_above_p1a,43.657883350602944,4.688539389796631,4.688539389796631,38.96934396080631,-34.28080457100968,0.0,0,21.02422869209697,19.025328101448867,xstock_reversion,-71.96693153920464
qqqx,qqqx_E0011,2026-06-29T13:55:00Z,2026-06-29T13:55:00Z,5,1,regular,xstock_below_p1a,48.26084401260644,0.6992914285053331,0.6992914285053331,47.56155258410111,-46.862261155595775,0.0,0,34.94350585230066,30.94955843430724,persistent_or_wider,21.74948211470351
qqqx,qqqx_E0012,2026-06-29T14:10:00Z,2026-06-29T14:10:00Z,5,1,regular,xstock_below_p1a,47.7036575319012,10.317971832201067,10.317971832201067,58.02162936410227,-47.7036575319012,0.0,0,86.0318681854988,32.91228773054679,xstock_reversion,-85.83017830530615
qqqx,qqqx_E0013,2026-06-29T14:25:00Z,2026-06-29T14:25:00Z,5,1,regular,xstock_above_p1a,51.517739792599215,1.3084137223984271,1.3084137223984271,50.20932607020079,-48.90091234780236,0.0,0,66.29009122169904,40.17822014116477,p1a_catchup,57.29229760440546
qqqx,qqqx_E0014,2026-06-29T22:50:00Z,2026-06-29T22:50:00Z,5,1,afterhours,xstock_below_p1a,42.75515151279663,43.3320144454008,43.3320144454008,0.5768629326041719,42.75515151279663,1.0,0,38.14680362600242,13.77183498231054,xstock_reversion,-3.1653246553009495
qqqx,qqqx_E0015,2026-06-30T13:30:00Z,2026-06-30T13:30:00Z,5,1,regular,xstock_above_p1a,40.3389889151029,5.320467353193692,5.320467353193692,45.659456268296594,-40.3389889151029,0.0,0,45.81433093240328,16.723924706636637,p1a_catchup,71.16638995750435
qqqx,qqqx_E0016,2026-06-30T15:15:00Z,2026-06-30T15:15:00Z,5,1,regular,xstock_below_p1a,40.15417298440127,33.52308423870021,33.52308423870021,6.631088745701064,26.891995492999143,1.0,0,12.446477930403432,20.958937578502404,xstock_reversion,-16.372868363196957
qqqx,qqqx_E0017,2026-07-01T08:00:00Z,2026-07-01T08:00:00Z,5,1,premarket,xstock_below_p1a,81.43500676369264,18.88929953890006,18.88929953890006,62.54570722479258,-43.65640768589252,0.0,0,26.847307597499537,9.197094407126151,p1a_catchup,0.1366727031015813
qqqx,qqqx_E0018,2026-07-01T13:30:00Z,2026-07-01T13:30:00Z,5,1,regular,xstock_below_p1a,41.08973575799979,0.48199821529593123,0.48199821529593123,41.57173397329572,-41.08973575799979,0.0,0,55.33641144910284,18.91666974227664,xstock_reversion,-49.037549417594306
qqqx,qqqx_E0019,2026-07-02T08:00:00Z,2026-07-02T08:00:00Z,5,1,premarket,xstock_below_p1a,41.50492719390719,26.169037877705748,26.169037877705748,15.335889316201445,10.833148561504302,1.0,0,10.047115900704284,6.9424876529157284,p1a_catchup,-2.2122976183958087
qqqx,qqqx_E0020,2026-07-06T08:00:00Z,2026-07-06T08:00:00Z,5,1,premarket,xstock_above_p1a,76.33022116989352,0.622322307206602,0.622322307206602,76.95254347710012,-76.33022116989352,0.0,0,3.2606303047000296,4.804830108081758,p1a_catchup,-16.385684172899317
qqqx,qqqx_E0021,2026-07-06T13:35:00Z,2026-07-06T13:35:00Z,5,1,regular,xstock_below_p1a,46.287011117307486,36.35154207270119,36.35154207270119,9.935469044606293,26.4160730280949,1.0,0,16.715403474405477,22.120330126701557,xstock_reversion,-33.21802362449944
qqqx,qqqx_E0022,2026-07-07T08:00:00Z,2026-07-07T08:00:00Z,5,1,premarket,xstock_below_p1a,64.5244240956,10.835445444898895,10.835445444898895,75.35986954049889,-64.5244240956,0.0,0,10.89256168750552,4.112520118427063,p1a_catchup,-17.8880924215008
qqqx,qqqx_E0023,2026-07-07T18:45:00Z,2026-07-07T18:45:00Z,5,1,regular,xstock_above_p1a,46.28420290670121,53.572851938898935,53.572851938898935,7.288649032197725,46.28420290670121,1.0,1,34.59757732099611,22.251346350795725,xstock_reversion,-48.93916360259709
qqqx,qqqx_E0024,2026-07-08T08:15:00Z,2026-07-08T08:20:00Z,10,2,premarket,xstock_below_p1a,47.79076028690099,3.3621474811518226,6.369380680002479,47.493694941751485,-44.13154746059966,0.0,0,54.17958359454911,23.15092285867577,p1a_catchup,23.351189560498753
qqqx,qqqx_E0025,2026-07-09T08:00:00Z,2026-07-09T08:00:00Z,5,1,premarket,xstock_above_p1a,78.36223702279987,11.62144692550271,11.62144692550271,66.74079009729716,-55.119343171794455,0.0,0,12.248140202499869,7.4689793247062015,p1a_catchup,-6.836366946600947
qqqx,qqqx_E0026,2026-07-09T14:15:00Z,2026-07-09T14:15:00Z,5,1,regular,xstock_below_p1a,38.44283996669695,0.34843703270226456,0.34843703270226456,38.09440293399469,-37.74596590129242,0.0,0,74.89571724570432,21.480302729256707,xstock_reversion,-35.362783451198254
qqqx,qqqx_E0027,2026-07-10T08:00:00Z,2026-07-10T08:00:00Z,5,1,premarket,xstock_below_p1a,49.664738066805825,5.723479799897291,5.723479799897291,55.388217866703116,-49.664738066805825,0.0,0,3.5920702767988644,3.379829175222219,p1a_catchup,-2.718816976798877
qqqx,qqqx_E0028,2026-07-13T08:00:00Z,2026-07-13T08:00:00Z,5,1,premarket,xstock_below_p1a,131.2204302620934,1.076286580294905,1.076286580294905,130.14414368179848,-129.0678571015036,0.0,0,7.017250079801585,12.477873591130646,p1a_catchup,-16.727073875006937
qqqx,qqqx_E0029,2026-07-13T14:15:00Z,2026-07-13T14:15:00Z,5,1,regular,xstock_below_p1a,63.215089196999585,42.2201928571031,42.2201928571031,20.994896339896485,21.225296517206615,1.0,0,43.12975431120414,31.44941853730574,xstock_reversion,-34.35661601310258
qqqx,qqqx_E0030,2026-07-14T08:00:00Z,2026-07-14T08:00:00Z,5,1,premarket,xstock_above_p1a,57.73916844789895,0.1103078959019399,0.1103078959019399,57.84947634380089,-57.73916844789895,0.0,0,0.518664923294665,6.73072077641898,p1a_catchup,13.144832757898683
qqqx,qqqx_E0031,2026-07-14T08:45:00Z,2026-07-14T08:45:00Z,5,1,premarket,xstock_below_p1a,40.405561500502785,30.93016688770156,30.93016688770156,9.475394612801225,21.454772274900336,1.0,0,44.19390122579969,17.47349729646931,xstock_reversion,-6.8538660583961075
qqqx,qqqx_E0032,2026-07-14T12:30:00Z,2026-07-14T12:30:00Z,5,1,premarket,xstock_above_p1a,69.06105893100367,1.1902397590013436,1.1902397590013436,70.25129869000502,-69.06105893100367,0.0,0,93.97116465890143,30.28480627562206,xstock_reversion,-41.48721444460435
qqqx,qqqx_E0033,2026-07-14T13:25:00Z,2026-07-14T13:30:00Z,10,2,premarket,xstock_below_p1a,44.76320328429928,27.10644403184581,52.44609533299638,24.115455768951577,2.990988262894234,0.5,1,33.3164666324981,20.389368225690212,xstock_reversion,12.363946090099276
qqqx,qqqx_E0034,2026-07-16T08:00:00Z,2026-07-16T08:00:00Z,5,1,premarket,xstock_below_p1a,52.65680084380442,2.2264061121024525,2.2264061121024525,50.430394731701966,-48.203988619599514,0.0,0,16.927476719699186,5.806441257635801,p1a_catchup,-5.462452777100779
qqqx,qqqx_E0035,2026-07-17T08:00:00Z,2026-07-17T08:00:00Z,5,1,premarket,xstock_below_p1a,124.05147575569764,1.806409995603886,1.806409995603886,122.24506576009375,-120.43865576448987,0.0,0,1.9377199487013996,5.78677081337324,p1a_catchup,49.376399693601414
qqqx,qqqx_E0036,2026-07-20T08:00:00Z,2026-07-20T08:00:00Z,5,1,premarket,xstock_above_p1a,69.32189362490071,10.37656099060591,10.37656099060591,79.69845461550662,-69.32189362490071,0.0,0,19.46004953730096,12.823980703479004,p1a_catchup,-12.307165467699832
qqqx,qqqx_E0037,2026-07-20T12:15:00Z,2026-07-20T12:15:00Z,5,1,premarket,xstock_below_p1a,93.4689672847977,96.60985925419752,96.60985925419752,3.140891969399817,93.4689672847977,1.0,1,96.1910183715009,40.6145342783268,,
qqqx,qqqx_E0038,2026-07-21T08:00:00Z,2026-07-21T08:00:00Z,5,1,premarket,xstock_above_p1a,120.8237611301044,0.8207503595958343,0.8207503595958343,121.64451148970024,-120.8237611301044,0.0,0,11.111446600606811,3.8049434246015608,p1a_catchup,11.067755652600653
qqqx,qqqx_E0039,2026-07-21T16:45:00Z,2026-07-21T16:45:00Z,5,1,regular,xstock_below_p1a,112.17946375370325,113.97106007899893,113.97106007899893,1.7915963252956857,112.17946375370325,1.0,1,109.3309824180011,45.514873824467095,xstock_reversion,-2.1150443180051326
qqqx,qqqx_E0040,2026-07-22T08:00:00Z,2026-07-22T08:00:00Z,5,1,premarket,xstock_below_p1a,68.6657697962989,5.668178122402168,5.668178122402168,74.33394791870107,-68.6657697962989,0.0,0,13.703545119803096,17.483959884356704,p1a_catchup,-11.651866327104798
qqqx,qqqx_E0041,2026-07-23T08:00:00Z,2026-07-23T08:00:00Z,5,1,premarket,xstock_below_p1a,48.677645934702696,0.4966263175010255,0.4966263175010255,48.18101961720167,-47.684393299700645,0.0,0,16.91044811209963,7.204858389364765,p1a_catchup,-20.2261837214035
qqqx,qqqx_E0042,2026-07-24T13:50:00Z,2026-07-24T13:50:00Z,5,1,regular,xstock_below_p1a,55.79128888050455,0.29160832940355874,0.29160832940355874,55.499680551100994,-55.208072221697435,0.0,0,63.987735929798006,29.410308729322765,p1a_catchup,-17.339739294301992
qqqx,qqqx_E0043,2026-07-24T15:10:00Z,2026-07-24T15:10:00Z,5,1,regular,xstock_above_p1a,46.69054806379691,0.5380258112985814,0.5380258112985814,46.15252225249833,-45.61449644119975,0.0,0,16.36269976960314,24.812905227631024,p1a_catchup,3.8435459722041543
qqqx,qqqx_E0044,2026-07-24T20:25:00Z,2026-07-24T20:25:00Z,5,1,afterhours,xstock_below_p1a,39.4077409205007,2.088501698898071,2.088501698898071,41.49624261939877,-39.4077409205007,0.0,0,6.966637309995249,6.21176154630698,p1a_catchup,-1.022233581204901
qqqx,qqqx_E0045,2026-07-27T08:00:00Z,2026-07-27T08:00:00Z,5,1,premarket,xstock_above_p1a,144.36679164369968,1.8026549208993714,1.8026549208993714,142.56413672280033,-140.76148180190097,0.0,0,7.807403700601512,7.812397878369679,p1a_catchup,11.522397933401152
qqqx,qqqx_E0046,2026-07-27T14:45:00Z,2026-07-27T14:45:00Z,5,1,regular,xstock_above_p1a,40.721847520597265,3.655448441097775,3.655448441097775,37.06639907949949,-33.410950638401715,0.0,0,7.529256268998807,31.060014748101324,p1a_catchup,14.865295223005504
qqqx,qqqx_E0047,2026-07-28T08:00:00Z,2026-07-28T08:00:00Z,5,1,premarket,xstock_below_p1a,80.37868142070081,0.22074082040468568,0.22074082040468568,80.15794060029613,-79.93719977989144,0.0,0,5.254640701792823,7.179843606967569,p1a_catchup,-28.960686927996804
qqqx,qqqx_E0048,2026-07-29T08:00:00Z,2026-07-29T08:00:00Z,5,1,premarket,xstock_below_p1a,68.13688473080504,12.078340563501655,12.078340563501655,80.21522529430669,-68.13688473080504,0.0,0,9.401619172999531,9.510651660204756,p1a_catchup,-9.485276302898527
qqqx,qqqx_E0049,2026-07-29T13:45:00Z,2026-07-29T13:45:00Z,5,1,regular,xstock_below_p1a,60.3587209069012,36.82722737940125,36.82722737940125,23.531493527499947,13.295733851901304,1.0,0,79.49861722280183,31.78004463663315,p1a_catchup,66.69420680029958
qqqx,qqqx_E0050,2026-07-29T19:20:00Z,2026-07-29T19:30:00Z,15,2,regular,xstock_below_p1a,39.286665121496256,2.633475695454912,3.142335511201466,38.09312878165105,-35.45965308619614,0.0,0,75.36479043939615,16.212984169684873,p1a_catchup,133.30016260110432
qqqx,qqqx_E0051,2026-07-29T19:55:00Z,2026-07-29T19:55:00Z,5,1,regular,xstock_below_p1a,40.18499221899674,1.9725843047968539,1.9725843047968539,38.212407914199886,-36.23982360940303,0.0,0,59.043351539793676,17.679968791512675,p1a_catchup,34.525087671894994
qqqx,qqqx_E0052,2026-07-29T22:00:00Z,2026-07-29T22:00:00Z,5,1,afterhours,xstock_above_p1a,57.86017828369516,0.9811052423991384,0.9811052423991384,58.8412835260943,-57.86017828369516,0.0,0,48.84599041689697,32.02387773473109,p1a_catchup,26.852538462103226
qqqx,qqqx_E0053,2026-07-30T08:00:00Z,2026-07-30T08:00:00Z,5,1,premarket,xstock_below_p1a,58.972793957901004,5.840804353702822,5.840804353702822,53.13198960419818,-47.29118525049536,0.0,0,23.636069978998364,21.342331755354465,xstock_reversion,-49.984295814793356
qqqx,qqqx_E0054,2026-07-31T08:00:00Z,2026-07-31T08:00:00Z,5,1,premarket,xstock_above_p1a,43.490616480301725,0.6519498144985647,0.6519498144985647,42.83866666580316,-42.186716851304595,0.0,0,5.71238979509836,7.196266028138459,p1a_catchup,19.799554113504314
qqqx,qqqx_E0055,2026-07-31T13:30:00Z,2026-07-31T13:35:00Z,10,2,regular,xstock_below_p1a,42.936681947001176,2.6720161541993193,4.7071443300961135,40.23873239289877,-37.56671623869945,0.0,0,38.74677343445043,24.422220992365652,p1a_catchup,145.3226110468009
qqqx,qqqx_E0056,2026-08-03T08:00:00Z,2026-08-03T08:00:00Z,5,1,premarket,xstock_above_p1a,88.1584448049999,5.767731075394522,5.767731075394522,93.92617588039442,-88.1584448049999,0.0,0,21.744883252594605,12.28301781927773,p1a_catchup,-17.667593259496073
qqqx,qqqx_E0057,2026-08-03T13:35:00Z,2026-08-03T13:35:00Z,5,1,regular,xstock_above_p1a,45.82455555149245,2.7813033734958026,2.7813033734958026,43.04325217799665,-40.26194880450085,0.0,0,14.59977641030008,23.705778714662028,p1a_catchup,23.4373411876998
qqqx,qqqx_E0058,2026-08-04T08:00:00Z,2026-08-04T08:00:00Z,5,1,premarket,xstock_above_p1a,48.03600722580015,0.21864514820002512,0.21864514820002512,48.25465237400017,-48.03600722580015,0.0,0,1.3405109666031478,8.906933774413082,p1a_catchup,-11.351061124003081
qqqx,qqqx_E0059,2026-08-04T19:25:00Z,2026-08-04T19:25:00Z,5,1,regular,xstock_below_p1a,38.22096975860667,30.902623324005063,30.902623324005063,7.318346434601608,23.584276889403455,1.0,0,39.88123017580669,18.356354960997205,p1a_catchup,8.486338389399606
qqqx,qqqx_E0060,2026-08-04T20:15:00Z,2026-08-04T20:15:00Z,5,1,afterhours,xstock_below_p1a,49.812807734399556,4.461616765301102,4.461616765301102,45.351190969098454,-40.88957420379735,0.0,0,39.97195337279713,23.757107982050748,p1a_catchup,-13.022819479502346
qqqx,qqqx_E0061,2026-08-07T14:15:00Z,2026-08-07T14:15:00Z,5,1,regular,xstock_above_p1a,40.2480751453016,4.327980361402695,4.327980361402695,44.57605550670429,-40.2480751453016,0.0,0,23.54018255919854,18.365918083962875,p1a_catchup,-3.0566050577007786
qqqx,qqqx_E0062,2026-08-10T08:00:00Z,2026-08-10T08:00:00Z,5,1,premarket,xstock_above_p1a,45.48341235529385,0.9227141033019137,0.9227141033019137,46.406126458595764,-45.48341235529385,0.0,0,11.677049557894392,5.67050784732234,p1a_catchup,-7.5721595973998745
qqqx,qqqx_E0063,2026-08-11T13:50:00Z,2026-08-11T13:50:00Z,5,1,regular,xstock_below_p1a,43.75469019250566,43.96092459570511,43.96092459570511,0.20623440319944564,43.75469019250566,1.0,0,53.43463194179776,20.180940106356957,xstock_reversion,-28.747424545896294
qqqx,qqqx_E0064,2026-08-11T14:25:00Z,2026-08-11T14:25:00Z,5,1,regular,xstock_below_p1a,64.83321385560181,74.94828331579662,74.94828331579662,10.115069460194803,64.83321385560181,1.0,1,69.45430041000122,24.664147545791007,xstock_reversion,0.6927078645979634
qqqx,qqqx_E0065,2026-08-11T15:25:00Z,2026-08-11T15:25:00Z,5,1,regular,xstock_below_p1a,47.63401073580198,46.51966539380048,46.51966539380048,1.1143453420014993,45.40532005179898,1.0,0,51.976842176602034,19.25088127677854,xstock_reversion,12.787516702799095
qqqx,qqqx_E0066,2026-08-11T16:05:00Z,2026-08-11T16:05:00Z,5,1,regular,xstock_below_p1a,46.12265637629953,55.11959672159783,55.11959672159783,8.996940345298299,46.12265637629953,1.0,1,51.57459998740066,18.920843933453135,persistent_or_wider,6.256908874098244
qqqx,qqqx_E0067,2026-08-11T16:35:00Z,2026-08-11T16:35:00Z,5,1,regular,xstock_below_p1a,47.50144128990108,56.64052099570327,56.64052099570327,9.139079705802189,47.50144128990108,1.0,1,51.91813780149879,37.385681952081434,xstock_reversion,16.2863084878051
qqqx,qqqx_E0068,2026-08-11T16:50:00Z,2026-08-11T16:50:00Z,5,1,regular,xstock_below_p1a,44.95206088620307,47.720060097100614,47.720060097100614,2.7679992108975426,44.95206088620307,1.0,0,1.9637453006993155,36.00646818365238,xstock_reversion,11.140821116599753
qqqx,qqqx_E0069,2026-08-11T17:10:00Z,2026-08-11T17:10:00Z,5,1,regular,xstock_below_p1a,57.01797163459865,45.19350443040082,45.19350443040082,11.82446720419783,33.36903722620299,1.0,0,64.98739216219462,36.856365741920776,xstock_reversion,-19.090224499098696
qqqx,qqqx_E0070,2026-08-11T18:45:00Z,2026-08-11T18:45:00Z,5,1,regular,xstock_below_p1a,50.49213849249945,63.02879385369664,63.02879385369664,12.536655361197191,50.49213849249945,1.0,1,56.777424161902346,31.024246687220817,xstock_reversion,-6.102583528004857
qqqx,qqqx_E0071,2026-08-11T22:55:00Z,2026-08-11T22:55:00Z,5,1,afterhours,xstock_below_p1a,62.76221257129677,63.79142673790028,63.79142673790028,1.0292141666035093,62.76221257129677,1.0,1,59.82574458400336,21.511665685792956,xstock_reversion,-0.0
qqqx,qqqx_E0072,2026-08-11T23:30:00Z,2026-08-11T23:30:00Z,5,1,afterhours,xstock_below_p1a,62.22076342670135,57.72262452230059,57.72262452230059,4.498138904400761,53.22448561789983,1.0,1,59.35680499069562,25.836163247952506,,
qqqx,qqqx_E0073,2026-08-12T11:50:00Z,2026-08-12T11:50:00Z,5,1,premarket,xstock_below_p1a,82.72437779480057,86.22428420790307,86.22428420790307,3.4999064131024937,82.72437779480057,1.0,1,80.0512546900034,33.68196551773296,xstock_reversion,-3.499077812296747
qqqx,qqqx_E0074,2026-08-12T19:40:00Z,2026-08-12T19:40:00Z,5,1,regular,xstock_below_p1a,45.091053301398176,43.82701974359193,43.82701974359193,1.2640335578062434,42.56298618578569,1.0,0,49.767423149793544,28.790316495545156,xstock_reversion,1.6583977151984897
qqqx,qqqx_E0075,2026-08-13T11:50:00Z,2026-08-13T11:50:00Z,5,1,premarket,xstock_below_p1a,71.97002847339817,69.56441875299646,69.56441875299646,2.4056097204017135,67.15880903259475,1.0,1,69.03887959429866,31.054396820625254,xstock_reversion,18.83173512999825
qqqx,qqqx_E0076,2026-08-13T12:30:00Z,2026-08-13T12:30:00Z,5,1,premarket,xstock_below_p1a,77.68868131719842,74.1255156450027,74.1255156450027,3.5631656721957228,70.56234997280697,1.0,1,64.07496186000117,30.383669761709985,xstock_reversion,-19.74116258019798
qqqx,qqqx_E0077,2026-08-13T13:45:00Z,2026-08-13T13:45:00Z,5,1,regular,xstock_above_p1a,42.6547371433994,2.0054621238063675,2.0054621238063675,40.649275019593034,-38.64381289578667,0.0,0,68.74069138840255,20.048974361248856,p1a_catchup,20.373707198499957
qqqx,qqqx_E0078,2026-08-13T15:15:00Z,2026-08-13T15:15:00Z,5,1,regular,xstock_below_p1a,63.45634047599802,66.45966099010359,66.45966099010359,3.0033205141055674,63.45634047599802,1.0,1,57.61310441489975,26.469613467478123,xstock_reversion,28.424639232298432
qqqx,qqqx_E0079,2026-08-13T15:35:00Z,2026-08-13T15:35:00Z,5,1,regular,xstock_below_p1a,48.49776507879433,50.60241669849752,50.60241669849752,2.1046516197031906,48.49776507879433,1.0,1,60.65426682400066,42.105460746881036,xstock_reversion,-4.034670870103341
qqqx,qqqx_E0080,2026-08-13T17:10:00Z,2026-08-13T17:10:00Z,5,1,regular,xstock_below_p1a,39.39813339330023,39.157591160199345,39.157591160199345,0.24054223310088219,38.91704892709846,1.0,0,27.85218140549439,16.989194114095366,xstock_reversion,3.548712946397359
qqqx,qqqx_E0081,2026-08-13T22:25:00Z,2026-08-13T22:25:00Z,5,1,afterhours,xstock_below_p1a,85.60464614269847,86.16407306320184,86.16407306320184,0.5594269205033697,85.60464614269847,1.0,1,85.9598179247012,31.489701509578182,xstock_reversion,-1.734395734791505
qqqx,qqqx_E0082,2026-08-13T23:40:00Z,2026-08-13T23:40:00Z,5,1,afterhours,xstock_below_p1a,85.64349666650095,85.30288654919893,85.30288654919893,0.3406101173020204,84.96227643189691,1.0,1,86.32766433800398,34.140399958028226,,
qqqx,qqqx_E0083,2026-08-14T10:05:00Z,2026-08-14T10:05:00Z,5,1,premarket,xstock_below_p1a,65.32827265269603,65.81103083090234,65.81103083090234,0.4827581782063106,65.32827265269603,1.0,1,46.83604966720267,27.254480117388407,xstock_reversion,4.090648833905419
qqqx,qqqx_E0084,2026-08-14T22:55:00Z,2026-08-14T22:55:00Z,5,1,afterhours,xstock_below_p1a,66.3148495817012,67.68469304570424,67.68469304570424,1.36984346400304,66.3148495817012,1.0,1,43.539771305898256,31.152161990789914,xstock_reversion,0.9575464930033917
qqqx,qqqx_E0085,2026-08-17T08:00:00Z,2026-08-17T08:00:00Z,5,1,premarket,xstock_above_p1a,59.88472437080006,0.06729026390317472,0.06729026390317472,59.95201463470323,-59.88472437080006,0.0,0,27.19260670719592,19.08880099124935,p1a_catchup,-1.3601741043967053
qqqx,qqqx_E0086,2026-08-17T13:00:00Z,2026-08-17T13:00:00Z,5,1,premarket,xstock_below_p1a,65.51722664919879,67.57137353270437,67.57137353270437,2.054146883505581,65.51722664919879,1.0,1,61.597304027003474,30.06259613787133,xstock_reversion,3.653073796403561
qqqx,qqqx_E0087,2026-08-17T13:55:00Z,2026-08-17T13:55:00Z,5,1,regular,xstock_below_p1a,75.07209623359934,70.71290616169179,70.71290616169179,4.359190071907548,66.35371608978424,1.0,1,57.93423147969712,23.069306704742043,xstock_reversion,11.734688262396986
qqqx,qqqx_E0088,2026-08-17T14:35:00Z,2026-08-17T14:35:00Z,5,1,regular,xstock_below_p1a,74.77147421040442,72.05923354700161,72.05923354700161,2.7122406634028096,69.3469928835988,1.0,1,66.05431102300052,22.111586458405593,xstock_reversion,-20.736559446596914
qqqx,qqqx_E0089,2026-08-17T15:30:00Z,2026-08-17T15:30:00Z,5,1,regular,xstock_below_p1a,78.0850150810064,69.77165599370672,69.77165599370672,8.313359087299688,61.45829690640703,1.0,1,72.88679854290159,31.14205065700907,xstock_reversion,8.45539149739949
qqqx,qqqx_E0090,2026-08-17T16:05:00Z,2026-08-17T16:05:00Z,5,1,regular,xstock_below_p1a,69.00244718639925,65.85400118609641,65.85400118609641,3.1484460003028403,62.70555518579357,1.0,1,70.40169595529555,27.47688359343481,xstock_reversion,1.9791101575972192
qqqx,qqqx_E0091,2026-08-17T16:30:00Z,2026-08-17T16:30:00Z,5,1,regular,xstock_below_p1a,62.76280611769991,59.5134774248951,59.5134774248951,3.2493286928048093,56.26414873209029,1.0,1,64.31819633209379,46.10922537272094,xstock_reversion,7.511763090795043
qqqx,qqqx_E0092,2026-08-17T18:15:00Z,2026-08-17T18:15:00Z,5,1,regular,xstock_below_p1a,62.33175827690118,61.554263279903765,61.554263279903765,0.7774949969974188,60.776768282906346,1.0,1,60.28043067839661,25.20611240942239,xstock_reversion,-8.21512724879625
qqqx,qqqx_E0093,2026-08-18T08:00:00Z,2026-08-18T08:00:00Z,5,1,premarket,xstock_below_p1a,107.027167935696,2.4590293513959693,2.4590293513959693,109.48619728709197,-107.027167935696,0.0,0,20.368911686503566,33.16020158821431,p1a_catchup,-4.431151063899463
qqqx,qqqx_E0094,2026-08-18T09:30:00Z,2026-08-18T09:30:00Z,5,1,premarket,xstock_below_p1a,45.633043207296,44.16728439280426,44.16728439280426,1.4657588144917355,42.70152557831253,1.0,0,48.25053382189637,22.89992854657361,xstock_reversion,-0.0
qqqx,qqqx_E0095,2026-08-18T10:10:00Z,2026-08-18T10:10:00Z,5,1,premarket,xstock_below_p1a,59.83795083579935,54.88426086779796,54.88426086779796,4.953689968001385,49.93057089979658,1.0,1,57.36550030329468,25.199136886731583,xstock_reversion,-1.6642396542998483
qqqx,qqqx_E0096,2026-08-18T11:50:00Z,2026-08-18T11:50:00Z,5,1,premarket,xstock_below_p1a,68.58888441419353,62.93000127909565,62.93000127909565,5.658883135097881,57.27111814399777,1.0,1,54.61077055529451,29.218575211838242,xstock_reversion,7.485030289595684
qqqx,qqqx_E0097,2026-08-18T12:15:00Z,2026-08-18T12:15:00Z,5,1,premarket,xstock_below_p1a,59.28455496319707,58.572089582700215,58.572089582700215,0.7124653804968517,57.85962420220336,1.0,1,72.33758754799702,48.40469323384971,xstock_reversion,8.044606386903297
qqqx,qqqx_E0098,2026-08-18T13:05:00Z,2026-08-18T13:05:00Z,5,1,premarket,xstock_below_p1a,54.7494762315992,51.62205196939773,51.62205196939773,3.1274242622014725,48.49462770719626,1.0,1,58.303997067303825,23.64418344379184,xstock_reversion,-12.762712421201527
qqqx,qqqx_E0099,2026-08-18T13:45:00Z,2026-08-18T13:45:00Z,5,1,regular,xstock_below_p1a,64.06788486059689,53.61929171470159,53.61929171470159,10.448593145895302,43.17069856880629,1.0,1,52.7866187387982,31.51789493407297,xstock_reversion,13.074988300800783
qqqx,qqqx_E0100,2026-08-18T21:00:00Z,2026-08-18T21:00:00Z,5,1,afterhours,xstock_below_p1a,58.187187475899904,57.08475887120201,57.08475887120201,1.1024286046978915,55.98233026650412,1.0,1,55.73884048519773,23.780572341419894,xstock_reversion,-0.46724197879655094
qqqx,qqqx_E0101,2026-08-19T11:45:00Z,2026-08-19T11:45:00Z,5,1,premarket,xstock_above_p1a,40.73474161880419,41.78047476679936,41.78047476679936,1.0457331479951648,40.73474161880419,1.0,0,40.72565294849895,18.03600068896077,persistent_or_wider,18.278097190798093
qqqx,qqqx_E0102,2026-08-19T12:15:00Z,2026-08-19T12:20:00Z,10,2,premarket,xstock_below_p1a,62.6064853949071,64.63517944455432,68.04040743250361,3.5123086813015902,61.122870763252735,1.0,1,58.658063490302226,26.63756814896024,xstock_reversion,-59.63361871149431
qqqx,qqqx_E0103,2026-08-19T13:45:00Z,2026-08-19T13:45:00Z,5,1,regular,xstock_below_p1a,43.37833192789908,4.1408127156028485,4.1408127156028485,47.51914464350193,-43.37833192789908,0.0,0,68.50834209850554,19.113610663097266,p1a_catchup,16.660720264694007
qqqx,qqqx_E0104,2026-08-19T18:05:00Z,2026-08-19T18:05:00Z,5,1,regular,xstock_below_p1a,81.31832199610223,60.517106922706176,60.517106922706176,20.80121507339605,39.715891849310125,1.0,1,77.67682250260144,35.172196609065956,xstock_reversion,-13.755112331796937
qqqx,qqqx_E0105,2026-08-19T19:25:00Z,2026-08-19T19:25:00Z,5,1,regular,xstock_below_p1a,62.176531163302684,59.25119145909541,59.25119145909541,2.925339704207275,56.325851754888134,1.0,1,41.349906673096015,31.32172043151502,xstock_reversion,11.17189516089745
qqqx,qqqx_E0106,2026-08-19T21:05:00Z,2026-08-19T21:05:00Z,5,1,afterhours,xstock_below_p1a,64.38419969629905,68.53623468949799,68.53623468949799,4.152034993198939,64.38419969629905,1.0,1,66.14919142849729,30.081610865665564,xstock_reversion,0.1408558638971158
qqqx,qqqx_E0107,2026-08-19T22:30:00Z,2026-08-19T22:30:00Z,5,1,afterhours,xstock_below_p1a,47.464528205098944,46.90163699099692,46.90163699099692,0.5628912141020237,46.338745776894896,1.0,0,45.82606756040164,22.34931165687125,xstock_reversion,-9.011777905003626
qqqx,qqqx_E0108,2026-08-20T09:05:00Z,2026-08-20T09:05:00Z,5,1,premarket,xstock_below_p1a,55.04993344149334,65.21134083069313,65.21134083069313,10.161407389199795,55.04993344149334,1.0,1,46.980074514300085,25.12977360213565,xstock_reversion,7.118481132994958
qqqx,qqqx_E0109,2026-08-20T11:45:00Z,2026-08-20T11:55:00Z,15,3,premarket,xstock_below_p1a,52.24907912880106,42.98567260853463,47.142624417997325,7.393738897395845,35.59193371113878,1.0,0,75.64143125206554,44.37638003391849,p1a_catchup,37.526660529705325
qqqx,qqqx_E0110,2026-08-20T14:20:00Z,2026-08-20T14:20:00Z,5,1,regular,xstock_below_p1a,40.07292329800016,67.40335734190417,67.40335734190417,27.330434043904006,40.07292329800016,1.0,1,53.63881039360585,22.337688949613845,xstock_reversion,12.065943238601662
qqqx,qqqx_E0111,2026-08-20T16:20:00Z,2026-08-20T16:20:00Z,5,1,regular,xstock_below_p1a,62.860212327704446,71.40574459540083,71.40574459540083,8.545532267696387,62.860212327704446,1.0,1,63.938518864201654,25.70525175605766,xstock_reversion,-7.581341839406619
qqqx,qqqx_E0112,2026-08-20T20:05:00Z,2026-08-20T20:05:00Z,5,1,afterhours,xstock_below_p1a,50.79174840139977,41.089271484695544,41.089271484695544,9.702476916704228,31.386794567991316,1.0,0,38.26253268480073,23.894014502624437,xstock_reversion,-5.346766037508388
qqqx,qqqx_E0113,2026-08-21T08:00:00Z,2026-08-21T08:00:00Z,5,1,premarket,xstock_above_p1a,59.54681598100642,0.2090756742934019,0.2090756742934019,59.75589165529982,-59.54681598100642,0.0,0,7.905945769506317,12.21794982548409,p1a_catchup,-10.495897068194537
qqqx,qqqx_E0114,2026-08-21T18:25:00Z,2026-08-21T18:25:00Z,5,1,regular,xstock_below_p1a,68.26118696579897,61.19405959990054,61.19405959990054,7.067127365898429,54.12693223400211,1.0,1,66.55291001369967,28.207773640516667,xstock_reversion,-12.761006345298753
qqqx,qqqx_E0115,2026-08-21T19:25:00Z,2026-08-21T19:25:00Z,5,1,regular,xstock_below_p1a,55.560354110397725,53.642208846298445,53.642208846298445,1.9181452640992802,51.724063582199165,1.0,1,52.00213575609958,25.85129064762149,xstock_reversion,0.1401708682990943
qqqx,qqqx_E0116,2026-08-21T22:00:00Z,2026-08-21T22:00:00Z,5,1,afterhours,xstock_below_p1a,59.86103760480255,61.31053882749704,61.31053882749704,1.4495012226944937,59.86103760480255,1.0,1,54.79051377590416,24.751502723661194,xstock_reversion,-6.305302968501181
qqqx,qqqx_E0117,2026-08-21T22:45:00Z,2026-08-21T22:45:00Z,5,1,afterhours,xstock_below_p1a,64.27103719679472,64.41373509550097,64.41373509550097,0.1426978987062455,64.27103719679472,1.0,1,63.91137700809679,26.738208037296886,xstock_reversion,-2.7883184064947386
qqqx,qqqx_E0118,2026-08-24T08:00:00Z,2026-08-24T08:00:00Z,5,1,premarket,xstock_below_p1a,97.45861536459621,1.3238375561996918,1.3238375561996918,98.7824529207959,-97.45861536459621,0.0,0,18.657307008398405,9.926745324904237,p1a_catchup,-22.319861220401194
qqqx,qqqx_E0119,2026-08-24T11:00:00Z,2026-08-24T11:00:00Z,5,1,premarket,xstock_below_p1a,66.36915773609253,55.77786989729994,55.77786989729994,10.591287838792596,45.18658205850734,1.0,1,58.114616119997464,29.30457220783346,xstock_reversion,-23.14717833550084
qqqx,qqqx_E0120,2026-08-24T12:10:00Z,2026-08-24T12:10:00Z,5,1,premarket,xstock_below_p1a,61.9849965564967,58.72125659870164,58.72125659870164,3.263739957795053,55.45751664090659,1.0,1,67.08131383909688,24.979775032881996,xstock_reversion,3.3851926357009177
qqqx,qqqx_E0121,2026-08-24T13:00:00Z,2026-08-24T13:00:00Z,5,1,premarket,xstock_below_p1a,53.48343723860616,55.50380094430096,55.50380094430096,2.0203637056948054,53.48343723860616,1.0,1,60.28438577510009,24.159583896097157,xstock_reversion,34.89270864649896
qqqx,qqqx_E0122,2026-08-24T13:30:00Z,2026-08-24T13:50:00Z,25,3,regular,xstock_below_p1a,80.28287137710421,32.3176539349331,50.14999291010014,27.359534224299747,4.95811971063335,0.6666666666666666,1,79.75763124727031,32.186473327291374,xstock_reversion,-4.547974098105811
qqqx,qqqx_E0123,2026-08-24T16:55:00Z,2026-08-24T16:55:00Z,5,1,regular,xstock_below_p1a,74.07332246390119,70.37339731409631,70.37339731409631,3.6999251498048835,66.67347216429143,1.0,1,74.81441167329628,30.427298724148528,xstock_reversion,11.093329948801411
qqqx,qqqx_E0124,2026-08-24T17:40:00Z,2026-08-24T17:40:00Z,5,1,regular,xstock_below_p1a,64.61944901170469,60.240103341104856,60.240103341104856,4.379345670599832,55.86075767050502,1.0,1,69.48229748600099,25.044754640125152,xstock_reversion,-23.100720238895533
qqqx,qqqx_E0125,2026-08-24T20:00:00Z,2026-08-24T20:00:00Z,5,1,afterhours,xstock_below_p1a,55.72670534379931,59.59921341069929,59.59921341069929,3.8725080668999823,55.72670534379931,1.0,1,66.34104906309446,23.995617897876592,xstock_reversion,6.6541608656045526
qqqx,qqqx_E0126,2026-08-24T20:45:00Z,2026-08-24T20:45:00Z,5,1,afterhours,xstock_below_p1a,56.280196381406355,54.62018440960392,54.62018440960392,1.660011971802433,52.96017243780149,1.0,1,52.722636748203655,23.008611174681327,xstock_reversion,-10.614435211904194
qqqx,qqqx_E0127,2026-08-24T21:45:00Z,2026-08-24T21:45:00Z,5,1,afterhours,xstock_below_p1a,59.91323580009755,59.69111694819951,59.69111694819951,0.22211885189804548,59.46899809630146,1.0,1,58.332950634296665,23.056140834163433,xstock_reversion,0.8500345924034036
qqqx,qqqx_E0128,2026-08-24T22:25:00Z,2026-08-24T22:25:00Z,5,1,afterhours,xstock_below_p1a,72.5946282455947,71.30439773599839,71.30439773599839,1.290230509596313,70.01416722640208,1.0,1,71.09269053809264,29.259463620498085,xstock_reversion,3.1127524056984157
qqqx,qqqx_E0129,2026-08-25T08:00:00Z,2026-08-25T08:00:00Z,5,1,premarket,xstock_above_p1a,43.4707300281012,1.0566365872932693,1.0566365872932693,44.52736661539447,-43.4707300281012,0.0,0,10.464053854493116,14.300289782515257,p1a_catchup,21.968126899407636
qqqx,qqqx_E0130,2026-08-25T08:35:00Z,2026-08-25T08:35:00Z,5,1,premarket,xstock_below_p1a,64.68465785160582,57.72843775220693,57.72843775220693,6.956220099398891,50.77221765280804,1.0,1,72.76140641730322,29.227760219660563,xstock_reversion,-18.00180504149651
qqqx,qqqx_E0131,2026-08-25T08:55:00Z,2026-08-25T08:55:00Z,5,1,premarket,xstock_below_p1a,67.99399083240232,70.89196547830134,70.89196547830134,2.8979746458990263,67.99399083240232,1.0,1,66.21531124419988,49.44713567921912,xstock_reversion,-5.340904426400783
qqqx,qqqx_E0132,2026-08-25T09:30:00Z,2026-08-25T09:30:00Z,5,1,premarket,xstock_below_p1a,53.380447881403725,68.08920345800828,68.08920345800828,14.70875557660456,53.380447881403725,1.0,1,58.43570856180591,17.654946947598745,persistent_or_wider,-5.75087506299532
qqqx,qqqx_E0133,2026-08-25T10:00:00Z,2026-08-25T10:00:00Z,5,1,premarket,xstock_below_p1a,70.01580693239973,64.08657103089688,64.08657103089688,5.9292359015028495,58.15733512939403,1.0,1,66.27800690369945,45.74952244407359,xstock_reversion,3.646512711998895
qqqx,qqqx_E0134,2026-08-25T11:30:00Z,2026-08-25T11:30:00Z,5,1,premarket,xstock_below_p1a,60.2373859600025,63.21421557959894,63.21421557959894,2.976829619596444,60.2373859600025,1.0,1,57.80897904510418,25.164482074316055,xstock_reversion,-10.382031601601227
qqqx,qqqx_E0135,2026-08-25T12:25:00Z,2026-08-25T12:25:00Z,5,1,premarket,xstock_below_p1a,55.53858888660557,54.639838274601615,54.639838274601615,0.8987506120039512,53.741087662597664,1.0,1,56.20375507440656,24.495345939245784,xstock_reversion,13.471795469994774
qqqx,qqqx_E0136,2026-08-25T19:00:00Z,2026-08-25T19:00:00Z,5,1,regular,xstock_below_p1a,63.39790633719922,60.00634424400353,60.00634424400353,3.391562093195688,56.61478215080784,1.0,1,67.67934549150034,26.533220401193876,xstock_reversion,7.044535845102118
qqqx,qqqx_E0137,2026-08-25T21:05:00Z,2026-08-25T21:05:00Z,5,1,afterhours,xstock_below_p1a,45.42400535179958,45.26928683979747,45.26928683979747,0.1547185120021055,45.11456832779537,1.0,0,46.57101949970155,26.236973394645428,xstock_reversion,-1.8284749866026573
qqqx,qqqx_E0138,2026-08-25T22:40:00Z,2026-08-25T22:40:00Z,5,1,afterhours,xstock_below_p1a,69.89570432959447,69.00646690639611,69.00646690639611,0.8892374231983524,68.11722948319776,1.0,1,70.19534841170127,29.006360488941624,xstock_reversion,3.6574901584973674
qqqx,qqqx_E0139,2026-08-25T23:05:00Z,2026-08-25T23:05:00Z,5,1,afterhours,xstock_below_p1a,63.94261436789783,61.828590113899295,61.828590113899295,2.1140242539985366,59.71456585990076,1.0,1,62.954377847299625,50.3359850453465,xstock_reversion,13.232542719494589
qqqx,qqqx_E0140,2026-08-26T08:50:00Z,2026-08-26T08:50:00Z,5,1,premarket,xstock_below_p1a,74.35892005099198,71.02602543159975,71.02602543159975,3.332894619392235,67.69313081220751,1.0,1,74.38705158069325,31.29523042988485,xstock_reversion,9.164288118004293
qqqx,qqqx_E0141,2026-08-26T09:40:00Z,2026-08-26T09:40:00Z,5,1,premarket,xstock_below_p1a,74.88190111270221,76.30350800700292,76.30350800700292,1.4216068943007087,74.88190111270221,1.0,1,70.72707011579915,31.941552891934176,xstock_reversion,5.499347972399704
qqqx,qqqx_E0142,2026-08-26T13:10:00Z,2026-08-26T13:10:00Z,5,1,premarket,xstock_below_p1a,55.504043580505424,66.65186948570323,66.65186948570323,11.147825905197806,55.504043580505424,1.0,1,61.27912189130669,23.428072460381863,xstock_reversion,-40.2970688879023
qqqx,qqqx_E0143,2026-08-26T14:50:00Z,2026-08-26T14:50:00Z,5,1,regular,xstock_below_p1a,61.86756960540052,63.336786320098426,63.336786320098426,1.4692167146979074,61.86756960540052,1.0,1,54.389858583201445,26.149325630515467,xstock_reversion,0.14083614420457025
qqqx,qqqx_E0144,2026-08-26T17:10:00Z,2026-08-26T17:10:00Z,5,1,regular,xstock_below_p1a,59.56218564790561,60.64212140440617,60.64212140440617,1.0799357565005607,59.56218564790561,1.0,1,48.56317940590493,23.667759992532282,xstock_reversion,-14.498570278398404
qqqx,qqqx_E0145,2026-08-26T19:15:00Z,2026-08-26T19:15:00Z,5,1,regular,xstock_below_p1a,71.80482124869769,76.62212931599299,76.62212931599299,4.817308067295301,71.80482124869769,1.0,1,71.00394737759252,32.451021776047355,xstock_reversion,6.5267053333961655
qqqx,qqqx_E0146,2026-08-26T20:15:00Z,2026-08-26T20:35:00Z,25,3,afterhours,xstock_below_p1a,104.49126396890662,81.54873957016306,103.54094569350103,3.8090056443026064,77.73973392586045,1.0,1,76.47154029579717,57.20444707515898,persistent_or_wider,-28.451913767204573
qqqx,qqqx_E0147,2026-08-26T20:55:00Z,2026-08-26T20:55:00Z,5,1,afterhours,xstock_below_p1a,109.05336481150663,121.96767256530627,121.96767256530627,12.914307753799648,109.05336481150663,1.0,1,91.852834738404,76.65825936566948,xstock_reversion,-30.04578999309615
qqqx,qqqx_E0148,2026-08-26T22:20:00Z,2026-08-26T22:20:00Z,5,1,afterhours,xstock_below_p1a,47.673134660399796,49.57921075259719,49.57921075259719,1.9060760921973952,47.673134660399796,1.0,1,39.760445880494544,20.78305993104804,xstock_reversion,-6.40160340269702
qqqx,qqqx_E0149,2026-08-27T08:05:00Z,2026-08-27T08:05:00Z,5,1,premarket,xstock_below_p1a,92.91315517080179,102.22817931440531,102.22817931440531,9.315024143603523,92.91315517080179,1.0,1,67.41468106530313,38.01905237637157,xstock_reversion,-9.59606217899811
qqqx,qqqx_E0150,2026-08-27T13:35:00Z,2026-08-27T13:35:00Z,5,1,regular,xstock_below_p1a,43.59099924769794,51.48137725270452,51.48137725270452,7.890378005006582,43.59099924769794,1.0,1,68.55372156810091,18.503563372302455,xstock_reversion,-13.815915617998442
qqqx,qqqx_E0151,2026-08-27T14:45:00Z,2026-08-27T14:50:00Z,10,2,regular,xstock_below_p1a,68.91080374989755,66.02447221814688,67.93199665149352,8.442556575096738,57.58191564305015,1.0,1,57.521637875646014,21.87736195279474,xstock_reversion,-6.2422083158963915
qqqx,qqqx_E0152,2026-08-27T17:40:00Z,2026-08-27T17:40:00Z,5,1,regular,xstock_below_p1a,64.97670948419909,63.98289586929451,63.98289586929451,0.9938136149045818,62.98908225438993,1.0,1,67.65856146979665,26.504446464632714,xstock_reversion,17.388284680199817
qqqx,qqqx_E0153,2026-08-27T22:15:00Z,2026-08-27T22:15:00Z,5,1,afterhours,xstock_below_p1a,58.08352249180082,60.65251683789796,60.65251683789796,2.568994346097142,58.08352249180082,1.0,1,56.823354342299126,23.620044082921,xstock_reversion,-1.9456064099987458
qqqx,qqqx_E0154,2026-08-27T23:40:00Z,2026-08-27T23:40:00Z,5,1,afterhours,xstock_below_p1a,148.2407767954985,147.7603914686032,147.7603914686032,0.4803853268953162,147.28000614170787,1.0,1,148.31713693699731,60.387919947244306,,
qqqx,qqqx_E0155,2026-08-28T08:50:00Z,2026-08-28T08:50:00Z,5,1,premarket,xstock_below_p1a,81.26974937500364,79.7404505393029,79.7404505393029,1.529298835700743,78.21115170360216,1.0,1,86.27386273540871,33.96386224895534,xstock_reversion,-0.9732698398057238
qqqx,qqqx_E0156,2026-08-28T12:10:00Z,2026-08-28T12:10:00Z,5,1,premarket,xstock_below_p1a,68.26092738189793,68.95744411480109,68.95744411480109,0.696516732903163,68.26092738189793,1.0,1,56.044510040003104,28.304210373155655,xstock_reversion,-9.720602887295371
qqqx,qqqx_E0157,2026-08-28T16:30:00Z,2026-08-28T16:30:00Z,5,1,regular,xstock_below_p1a,51.16199497770424,47.257373580098516,47.257373580098516,3.904621397605723,43.35275218249279,1.0,0,59.24013245000026,24.21184315168641,xstock_reversion,2.5141771789005674
qqqx,qqqx_E0158,2026-08-31T09:45:00Z,2026-08-31T09:55:00Z,15,2,premarket,xstock_below_p1a,53.29341946350041,47.43830958829687,48.73900715510082,4.122224733302815,43.31608485499405,1.0,1,56.310182209795556,28.97160317447007,xstock_reversion,0.6988950472930355
qqqx,qqqx_E0159,2026-08-31T15:00:00Z,2026-08-31T15:00:00Z,5,1,regular,xstock_below_p1a,70.11978199820135,68.73298977650322,68.73298977650322,1.3867922216981299,67.34619755480509,1.0,1,63.105500413600524,30.13684857754758,xstock_reversion,5.039758198304156
qqqx,qqqx_E0160,2026-08-31T17:25:00Z,2026-08-31T17:25:00Z,5,1,regular,xstock_below_p1a,55.507230038793764,48.91704569550015,48.91704569550015,6.590184343293615,42.326861352206535,1.0,1,57.1118045748964,22.822743967108526,xstock_reversion,-14.34123279559607
qqqx,qqqx_E0161,2026-08-31T18:40:00Z,2026-08-31T18:40:00Z,5,1,regular,xstock_below_p1a,48.93388378309993,49.588404728604374,49.588404728604374,0.6545209455044443,48.93388378309993,1.0,1,63.188507924003545,21.456216918835878,xstock_reversion,-8.676911563991752
qqqx,qqqx_E0162,2026-09-01T08:35:00Z,2026-09-01T08:35:00Z,5,1,premarket,xstock_below_p1a,55.57960188290245,42.87425115100163,42.87425115100163,12.705350731900822,30.168900419100808,1.0,0,66.31452002910265,26.547363174490478,p1a_catchup,19.002447883700313
qqqx,qqqx_E0163,2026-09-01T09:05:00Z,2026-09-01T09:05:00Z,5,1,premarket,xstock_below_p1a,50.011240075900076,45.79715014629393,45.79715014629393,4.214089929606146,41.583060216687784,1.0,0,71.49590830509922,29.61028297560814,xstock_reversion,8.880181570098955
qqqx,qqqx_E0164,2026-09-01T12:15:00Z,2026-09-01T12:15:00Z,5,1,premarket,xstock_below_p1a,50.81137017599602,46.03501091690276,46.03501091690276,4.776359259093255,41.25865165780951,1.0,0,55.420836701101095,21.142573885089558,persistent_or_wider,7.062446442400727
qqqx,qqqx_E0165,2026-09-01T12:45:00Z,2026-09-01T12:45:00Z,5,1,premarket,xstock_below_p1a,51.098680987298195,50.429129724003374,50.429129724003374,0.6695512632948208,49.75957846070855,1.0,1,70.82161332720105,32.549107048893866,xstock_reversion,11.16884151020514
qqqx,qqqx_E0166,2026-09-01T16:05:00Z,2026-09-01T16:05:00Z,5,1,regular,xstock_below_p1a,65.48576082510138,58.46826615679923,58.46826615679923,7.017494668302149,51.45077148849708,1.0,1,75.221621287902,27.430644457133468,p1a_catchup,32.123109748196654
qqqx,qqqx_E0167,2026-09-02T08:50:00Z,2026-09-02T08:50:00Z,5,1,premarket,xstock_below_p1a,59.54846764669952,36.99103137590143,36.99103137590143,22.557436270798092,14.433595105103336,1.0,0,79.7738221891997,25.573999493712982,xstock_reversion,-3.4102535285995828
qqqx,qqqx_E0168,2026-09-02T09:30:00Z,2026-09-02T09:30:00Z,5,1,premarket,xstock_below_p1a,55.56955766520488,47.70545098670809,47.70545098670809,7.864106678496796,39.84134430821129,1.0,0,60.418985601904396,29.93760903712938,xstock_reversion,0.9949753752014345
qqqx,qqqx_E0169,2026-09-02T10:40:00Z,2026-09-02T10:40:00Z,5,1,premarket,xstock_below_p1a,44.391700970196624,44.9968250230981,44.9968250230981,0.6051240529014734,44.391700970196624,1.0,0,50.969334347996664,20.99983378276687,persistent_or_wider,-15.898705901200572
qqqx,qqqx_E0170,2026-09-02T10:55:00Z,2026-09-02T10:55:00Z,5,1,premarket,xstock_below_p1a,46.555039717199875,51.04599275270516,51.04599275270516,4.490953035505285,46.555039717199875,1.0,1,0.6521302881079549,36.42632649824002,xstock_reversion,-14.472398558895705
qqqx,qqqx_E0171,2026-09-02T11:10:00Z,2026-09-02T11:10:00Z,5,1,premarket,xstock_below_p1a,53.84716001239909,62.187127254498265,62.187127254498265,8.339967242099178,53.84716001239909,1.0,1,0.6394660420916409,44.748686896557466,xstock_reversion,-4.963166318301404
qqqx,qqqx_E0172,2026-09-02T13:40:00Z,2026-09-02T13:40:00Z,5,1,regular,xstock_below_p1a,60.30017910230612,61.589256244101165,61.589256244101165,1.2890771417950475,60.30017910230612,1.0,1,64.41879633309888,21.70588776093822,xstock_reversion,-12.582797161400094
qqqx,qqqx_E0173,2026-09-02T14:20:00Z,2026-09-02T14:30:00Z,15,2,regular,xstock_below_p1a,61.422638852199896,65.54693936339895,67.39450177939865,5.1268250355507305,60.42011432784822,1.0,1,45.83173327794565,36.254242533729084,xstock_reversion,22.007796253697975
qqqx,qqqx_E0174,2026-09-02T15:25:00Z,2026-09-02T15:25:00Z,5,1,regular,xstock_below_p1a,51.19589606159991,59.98683662769899,59.98683662769899,8.790940566099081,51.19589606159991,1.0,1,44.403531072694236,24.14457918293122,xstock_reversion,6.272752146498917
qqqx,qqqx_E0175,2026-09-02T19:25:00Z,2026-09-02T19:25:00Z,5,1,regular,xstock_below_p1a,52.6287181062024,56.53321089189589,56.53321089189589,3.904492785693492,52.6287181062024,1.0,1,62.07090921649616,20.180662938446282,xstock_reversion,-7.052186470000166
qqqx,qqqx_E0176,2026-09-03T09:55:00Z,2026-09-03T10:10:00Z,20,3,premarket,xstock_below_p1a,57.49437533159707,53.04776589139711,53.96879731289772,4.22804130163416,48.81972458976295,1.0,1,40.977326690398996,31.795106718454118,xstock_reversion,0.42385752740514704
qqqx,qqqx_E0177,2026-09-03T10:35:00Z,2026-09-03T10:40:00Z,10,2,premarket,xstock_below_p1a,53.04505066680676,47.42322264930099,52.09705870550252,1.2549529008509808,46.16826974845001,1.0,1,54.98739851085066,40.615794267657236,xstock_reversion,-14.88877189659732
qqqx,qqqx_E0178,2026-09-03T11:50:00Z,2026-09-03T11:50:00Z,5,1,premarket,xstock_below_p1a,49.4725775548055,49.51332052250734,49.51332052250734,0.0407429677018456,49.4725775548055,1.0,1,57.01445802080762,22.558299616584435,xstock_reversion,-9.142402375399428
qqqx,qqqx_E0179,2026-09-03T12:10:00Z,2026-09-03T12:10:00Z,5,1,premarket,xstock_below_p1a,52.42811829699434,49.82422714649992,49.82422714649992,2.6038911504944195,47.2203359960055,1.0,1,5.794375765306725,43.74237851825484,xstock_reversion,-21.170002966792723
qqqx,qqqx_E0180,2026-09-03T14:55:00Z,2026-09-03T14:55:00Z,5,1,regular,xstock_below_p1a,41.929588606199886,58.428090101703134,58.428090101703134,16.49850149550325,41.929588606199886,1.0,1,33.87326735420082,16.546581373750755,xstock_reversion,-58.409422110905496
qqqx,qqqx_E0181,2026-09-04T08:00:00Z,2026-09-04T08:00:00Z,5,1,premarket,xstock_above_p1a,51.00212818070382,0.3530753434954903,0.3530753434954903,51.35520352419931,-51.00212818070382,0.0,0,11.242584113198006,34.93691795099299,p1a_catchup,3.7455002415054395
qqqx,qqqx_E0182,2026-09-04T09:20:00Z,2026-09-04T09:20:00Z,5,1,premarket,xstock_below_p1a,70.57501008890021,63.87046091859361,63.87046091859361,6.704549170306606,57.165911748287,1.0,1,71.36640103829528,28.355123821457816,xstock_reversion,-12.073357512605298
qqqx,qqqx_E0183,2026-09-04T12:30:00Z,2026-09-04T12:30:00Z,5,1,premarket,xstock_below_p1a,41.22604027050336,1.9937010556958512,1.9937010556958512,43.21974132619921,-41.22604027050336,0.0,0,30.414127056799245,14.668549179973535,p1a_catchup,4.5718155887986
qqqx,qqqx_E0184,2026-09-04T12:45:00Z,2026-09-04T12:45:00Z,5,1,premarket,xstock_below_p1a,39.74623017529488,25.86912615980097,25.86912615980097,13.877104015493913,11.992022144307057,1.0,0,38.70270722229563,28.392647552593512,xstock_reversion,-14.341112014193413
qqqx,qqqx_E0185,2026-09-04T15:40:00Z,2026-09-04T15:40:00Z,5,1,regular,xstock_above_p1a,54.372294403695065,48.20315619679327,48.20315619679327,6.169138206901792,42.03401798989148,1.0,0,53.15021886289628,24.685550687657873,xstock_reversion,9.538896091294546
qqqx,qqqx_E0186,2026-09-08T11:40:00Z,2026-09-08T11:40:00Z,5,1,premarket,xstock_below_p1a,52.070855734998034,47.502335141498264,47.502335141498264,4.56852059349977,42.933814547998495,1.0,0,49.44427846639954,19.738341513048713,xstock_reversion,-2.087348587895832
qqqx,qqqx_E0187,2026-09-08T15:30:00Z,2026-09-08T15:30:00Z,5,1,regular,xstock_below_p1a,71.98396801789464,72.34323612959948,72.34323612959948,0.35926811170483575,71.98396801789464,1.0,1,75.37036524490226,31.731629658572587,xstock_reversion,-2.3188116125982816
qqqx,qqqx_E0188,2026-09-08T21:05:00Z,2026-09-08T21:05:00Z,5,1,afterhours,xstock_below_p1a,53.07183580799624,53.10997265799422,53.10997265799422,0.038136849997982836,53.07183580799624,1.0,1,54.89777741090052,23.219615450214405,xstock_reversion,1.2534906247996247
qqqx,qqqx_E0189,2026-09-09T09:40:00Z,2026-09-09T09:40:00Z,5,1,premarket,xstock_below_p1a,48.5922295488006,44.83587960839586,44.83587960839586,3.7563499404047462,41.07952966799111,1.0,0,62.61903159270332,19.145877481446,xstock_reversion,27.02694910429848
qqqx,qqqx_E0190,2026-09-09T12:50:00Z,2026-09-09T12:50:00Z,5,1,premarket,xstock_below_p1a,53.205882365592316,48.38338282399768,48.38338282399768,4.822499541594638,43.56088328240304,1.0,1,46.07494513959587,27.585061699208826,xstock_reversion,-9.370171376597014
qqqx,qqqx_E0191,2026-09-09T14:15:00Z,2026-09-09T14:15:00Z,5,1,regular,xstock_below_p1a,55.93897700520323,34.73797869860462,34.73797869860462,21.200998306598606,13.536980392006015,1.0,0,58.69345465690401,31.043133093081607,xstock_reversion,-13.650738284498587
qqqx,qqqx_E0192,2026-09-09T15:10:00Z,2026-09-09T15:10:00Z,5,1,regular,xstock_below_p1a,61.685119372700825,47.3119935734001,47.3119935734001,14.373125799300723,32.93886777409938,1.0,0,95.03289029320072,30.50829131077284,xstock_reversion,-13.068106250901934
qqqx,qqqx_E0193,2026-09-09T15:25:00Z,2026-09-09T15:25:00Z,5,1,regular,xstock_above_p1a,52.60861773399128,43.931455158396915,43.931455158396915,8.677162575594366,35.25429258280255,1.0,0,88.2360666351989,49.520009563292625,persistent_or_wider,19.427116013002177
qqqx,qqqx_E0194,2026-09-09T15:50:00Z,2026-09-09T15:55:00Z,10,2,regular,xstock_below_p1a,61.12984042969671,60.53876135815095,70.47740956039661,7.346894892097389,53.19186646605356,1.0,1,59.09039576375452,32.131816379036515,xstock_reversion,17.459202289602516
qqqx,qqqx_E0195,2026-09-09T16:10:00Z,2026-09-09T16:10:00Z,5,1,regular,xstock_below_p1a,52.66041298639834,52.44432717979919,52.44432717979919,0.21608580659915333,52.228241373200035,1.0,1,13.160462428594144,43.562805973585725,xstock_reversion,-13.27084590349692
qqqx,qqqx_E0196,2026-09-09T19:40:00Z,2026-09-09T19:50:00Z,15,2,regular,xstock_below_p1a,74.12072931659353,68.01705170019989,75.07213224229758,1.8320177978026209,66.18503390239727,1.0,1,76.82115348764728,47.726838328623614,xstock_reversion,-2.0944016719948166
qqqx,qqqx_E0197,2026-09-09T22:05:00Z,2026-09-09T22:05:00Z,5,1,afterhours,xstock_below_p1a,55.384163383500606,53.47552338370143,53.47552338370143,1.9086399997991776,51.56688338390225,1.0,1,51.66512065930107,22.372385781981723,xstock_reversion,-0.305968074902907
qqqx,qqqx_E0198,2026-09-09T23:00:00Z,2026-09-09T23:00:00Z,5,1,afterhours,xstock_above_p1a,41.85318128510751,42.62944044470807,42.62944044470807,0.7762591596005564,41.85318128510751,1.0,0,39.34494172920466,21.848346641366234,xstock_reversion,-1.3959336711977244
qqqx,qqqx_E0199,2026-09-09T23:15:00Z,2026-09-09T23:15:00Z,5,1,afterhours,xstock_below_p1a,53.6823817717913,56.28130366699402,56.28130366699402,2.5989218952027215,53.6823817717913,1.0,1,98.79058275449992,41.09038605675622,xstock_reversion,-1.6960772177032624
qqqx,qqqx_E0200,2026-09-10T09:40:00Z,2026-09-10T09:40:00Z,5,1,premarket,xstock_below_p1a,52.17898977219804,58.78304257249667,58.78304257249667,6.604052800298632,52.17898977219804,1.0,1,60.46183075909539,21.78014901949471,xstock_reversion,-1.1189437183034556
qqqx,qqqx_E0201,2026-09-10T11:35:00Z,2026-09-10T11:35:00Z,5,1,premarket,xstock_below_p1a,53.72382124969377,54.03816845329423,54.03816845329423,0.3143472036004624,53.72382124969377,1.0,1,55.106295837799024,17.123277436357906,p1a_catchup,40.27425579479882
qqqx,qqqx_E0202,2026-09-10T12:05:00Z,2026-09-10T12:05:00Z,5,1,premarket,xstock_below_p1a,40.27702962829949,37.12751234250078,37.12751234250078,3.1495172857987086,33.97799505670207,1.0,0,67.64473174480479,29.9195095251835,p1a_catchup,43.11991462380149
qqqx,qqqx_E0203,2026-09-10T14:00:00Z,2026-09-10T14:00:00Z,5,1,regular,xstock_above_p1a,50.20538836579824,33.85273351569573,33.85273351569573,16.35265485010251,17.50007866559322,1.0,0,17.17517436619964,25.30981440212298,p1a_catchup,24.301177358596604
qqqx,qqqx_E0204,2026-09-10T15:00:00Z,2026-09-10T15:00:00Z,5,1,regular,xstock_below_p1a,44.97833555640263,32.780511070402696,32.780511070402696,12.19782448599993,20.582686584402765,1.0,0,31.49941756060315,18.847485058367315,xstock_reversion,-5.238335594697219
qqqx,qqqx_E0205,2026-09-10T17:45:00Z,2026-09-10T17:45:00Z,5,1,regular,xstock_below_p1a,69.75270767709318,65.60966376810029,65.60966376810029,4.143043908992894,61.4666198591074,1.0,1,68.86693111139763,28.48291949642269,xstock_reversion,9.723446247900114
qqqx,qqqx_E0206,2026-09-10T21:45:00Z,2026-09-10T21:45:00Z,5,1,afterhours,xstock_above_p1a,41.15990999129515,38.7818119616945,38.7818119616945,2.3780980296006504,36.40371393209385,1.0,0,27.246062866499443,17.087367668021177,xstock_reversion,4.232625137197132
qqqx,qqqx_E0207,2026-09-11T08:00:00Z,2026-09-11T08:00:00Z,5,1,premarket,xstock_above_p1a,67.15409478499801,2.552622905698243,2.552622905698243,64.60147187929977,-62.04884897360152,0.0,0,15.581850638097805,7.154318907402901,p1a_catchup,20.779228255900506
qqqx,qqqx_E0208,2026-09-14T08:00:00Z,2026-09-14T08:00:00Z,5,1,premarket,xstock_below_p1a,196.62914183220082,41.56234605120268,41.56234605120268,155.06679578099812,-113.50444972979544,0.0,0,46.89130094470251,22.7898842795297,p1a_catchup,10.521826649698696
qqqx,qqqx_E0209,2026-09-15T08:00:00Z,2026-09-15T08:00:00Z,5,1,premarket,xstock_below_p1a,37.96873957599978,21.29568261289627,21.29568261289627,59.26442218889605,-37.96873957599978,0.0,0,7.69478575800342,8.697742484870286,p1a_catchup,4.2538107695033744
qqqx,qqqx_E0210,2026-09-15T11:10:00Z,2026-09-15T11:10:00Z,5,1,premarket,xstock_below_p1a,51.533046201299726,53.01730776229974,53.01730776229974,1.484261561000011,51.533046201299726,1.0,1,44.95723323289624,22.60732998524917,xstock_reversion,3.6696730168994662
qqqx,qqqx_E0211,2026-09-15T16:00:00Z,2026-09-15T16:00:00Z,5,1,regular,xstock_below_p1a,56.4873977905922,59.20303405739347,59.20303405739347,2.715636266801269,56.4873977905922,1.0,1,52.47400784520018,23.96694908984796,xstock_reversion,-1.1041015399015919
qqqx,qqqx_E0212,2026-09-15T16:15:00Z,2026-09-15T16:15:00Z,5,1,regular,xstock_below_p1a,184.2944356311005,192.2182680968021,192.2182680968021,7.923832465701608,184.2944356311005,1.0,1,138.9999126755015,83.60148517286397,xstock_reversion,-3.119682384893352
qqqx,qqqx_E0213,2026-09-15T18:50:00Z,2026-09-15T18:50:00Z,5,1,regular,xstock_below_p1a,96.05730404789625,98.27822602949787,98.27822602949787,2.22092198160162,96.05730404789625,1.0,1,103.35870955319848,42.923461142286385,xstock_reversion,2.4843397994978034
qqqx,qqqx_E0214,2026-09-15T21:30:00Z,2026-09-15T21:30:00Z,5,1,afterhours,xstock_below_p1a,95.15960101690091,93.22942621600383,93.22942621600383,1.9301748008970776,91.29925141510675,1.0,1,90.50327132540836,37.55682631588868,xstock_reversion,-3.150582774003041
qqqx,qqqx_E0215,2026-09-15T22:25:00Z,2026-09-15T22:25:00Z,5,1,afterhours,xstock_above_p1a,49.17753448030027,51.43012346329634,51.43012346329634,2.2525889829960732,49.17753448030027,1.0,1,69.18502657869752,24.24966501196918,xstock_reversion,5.956264180397852
qqqx,qqqx_E0216,2026-09-16T11:00:00Z,2026-09-16T11:00:00Z,5,1,premarket,xstock_below_p1a,54.40504491480702,52.81078738950562,52.81078738950562,1.5942575253014013,51.21652986420422,1.0,1,47.24453652950267,14.44086851838392,xstock_reversion,1.823177105100271
qqqx,qqqx_E0217,2026-09-16T13:55:00Z,2026-09-16T14:00:00Z,10,2,regular,xstock_below_p1a,59.64578673309795,50.175981889193366,55.86187300279377,10.501885254199372,39.674096634993994,1.0,1,36.2735768548994,23.75877983437733,xstock_reversion,-3.9463107689030608
qqqx,qqqx_E0218,2026-09-16T14:20:00Z,2026-09-16T14:20:00Z,5,1,regular,xstock_below_p1a,50.29521942409687,48.107573497500056,48.107573497500056,2.187645926596815,45.91992757090324,1.0,0,33.96384654389628,30.212148257925115,xstock_reversion,-0.4212306147977074
qqqx,qqqx_E0219,2026-09-16T17:40:00Z,2026-09-16T17:45:00Z,10,2,regular,xstock_above_p1a,126.18028453320385,78.78204759940388,123.05686211850464,4.6193195689481215,74.16272803045575,1.0,1,84.34661940690535,40.63966818002825,xstock_reversion,11.06416978330138
qqqx,qqqx_E0220,2026-09-16T18:20:00Z,2026-09-16T18:20:00Z,5,1,regular,xstock_below_p1a,63.16171042979768,59.21547131189975,59.21547131189975,3.9462391178979317,55.269232194001816,1.0,1,78.04742323400227,23.08703397592594,p1a_catchup,53.97780521359863
qqqx,qqqx_E0221,2026-09-17T09:40:00Z,2026-09-17T09:40:00Z,5,1,premarket,xstock_below_p1a,60.715184067001715,60.97290287610413,60.97290287610413,0.25771880910241407,60.715184067001715,1.0,1,56.88107826250288,26.825212920809093,xstock_reversion,-2.2458346878995172
qqqx,qqqx_E0222,2026-09-17T10:20:00Z,2026-09-17T10:20:00Z,5,1,premarket,xstock_below_p1a,52.25233898490167,58.736570453197245,58.736570453197245,6.484231468295576,52.25233898490167,1.0,1,55.62868461730375,21.542243636187386,xstock_reversion,3.789181231397265
qqqx,qqqx_E0223,2026-09-17T14:55:00Z,2026-09-17T14:55:00Z,5,1,regular,xstock_above_p1a,54.694179078902394,53.70552930320294,53.70552930320294,0.9886497756994572,52.71687952750348,1.0,1,30.633922751306386,26.33859004955284,xstock_reversion,9.573491246799293
qqqx,qqqx_E0224,2026-09-17T16:05:00Z,2026-09-17T16:05:00Z,5,1,regular,xstock_below_p1a,54.215498496903436,58.35735993960256,58.35735993960256,4.141861442699124,54.215498496903436,1.0,1,53.607702048603656,31.425028042967867,xstock_reversion,3.2099368755034163
qqqx,qqqx_E0225,2026-09-17T17:30:00Z,2026-09-17T17:30:00Z,5,1,regular,xstock_below_p1a,43.305429619699964,45.40754156909799,45.40754156909799,2.1021119493980223,43.305429619699964,1.0,0,40.81489470030064,20.584424079634484,xstock_reversion,-2.930566527403755
qqqx,qqqx_E0226,2026-09-17T18:10:00Z,2026-09-17T18:20:00Z,15,2,regular,xstock_below_p1a,55.966273152199264,49.27426130119983,52.21892311939591,2.2335474684043177,47.04071383279551,1.0,1,51.741760988401886,26.47191408710915,xstock_reversion,0.9773055692985366
qqqx,qqqx_E0227,2026-09-18T08:00:00Z,2026-09-18T08:00:00Z,5,1,premarket,xstock_above_p1a,82.43249769349426,2.900124634894752,2.900124634894752,79.5323730585995,-76.63224842370475,0.0,0,1.4959245302037516,5.522113858315667,p1a_catchup,-6.231863935903803
qqqx,qqqx_E0228,2026-09-18T10:30:00Z,2026-09-18T10:30:00Z,5,1,premarket,xstock_below_p1a,56.14847017170632,59.69490037540659,59.69490037540659,3.546430203700268,56.14847017170632,1.0,1,52.31650592190107,27.702771584708728,xstock_reversion,-3.2039387768012517
qqqx,qqqx_E0229,2026-09-18T11:05:00Z,2026-09-18T11:05:00Z,5,1,premarket,xstock_below_p1a,48.93314391120285,38.15128080110419,38.15128080110419,10.781863110098655,27.369417691005538,1.0,0,37.704245182199614,23.08981432534305,xstock_reversion,6.3909306536036325
qqqx,qqqx_E0230,2026-09-18T12:00:00Z,2026-09-18T12:00:00Z,5,1,premarket,xstock_below_p1a,49.28907360789658,52.441386843300464,52.441386843300464,3.1523132354038808,49.28907360789658,1.0,1,54.56939827880092,26.18534123655109,xstock_reversion,18.50113551560284
qqqx,qqqx_E0231,2026-09-18T13:05:00Z,2026-09-18T13:05:00Z,5,1,premarket,xstock_below_p1a,42.717778964398434,46.87811403250031,46.87811403250031,4.1603350681018725,42.717778964398434,1.0,0,47.36573548890455,19.149286496386168,xstock_reversion,-17.809939311801415
qqqx,qqqx_E0232,2026-09-18T13:35:00Z,2026-09-18T13:35:00Z,5,1,regular,xstock_below_p1a,40.123543204098056,48.60270701190217,48.60270701190217,8.479163807804113,40.123543204098056,1.0,1,29.330735641099892,27.693593377738097,p1a_catchup,32.303907342399185
qqqx,qqqx_E0233,2026-09-18T15:05:00Z,2026-09-18T15:05:00Z,5,1,regular,xstock_above_p1a,40.71557671900372,41.71365405830407,41.71365405830407,0.9980773393003517,40.71557671900372,1.0,0,34.759565842099605,24.251212998219767,xstock_reversion,-8.09016391839279
qqqx,qqqx_E0234,2026-09-18T15:25:00Z,2026-09-18T15:25:00Z,5,1,regular,xstock_below_p1a,52.94547097370206,56.8081188806957,56.8081188806957,3.8626479069936437,52.94547097370206,1.0,1,40.33101916290249,37.514678824050364,xstock_reversion,13.742158844092245
qqqx,qqqx_E0235,2026-09-18T16:10:00Z,2026-09-18T16:10:00Z,5,1,regular,xstock_below_p1a,42.21389666709818,40.634820633398405,40.634820633398405,1.5790760336997778,39.05574459969863,1.0,0,62.318874940796576,36.608172311218055,xstock_reversion,-2.2334671179979892
qqqx,qqqx_E0236,2026-09-18T17:10:00Z,2026-09-18T17:10:00Z,5,1,regular,xstock_above_p1a,52.307692142301576,50.75747013369991,50.75747013369991,1.550222008601665,49.207248125098246,1.0,1,55.859873071399946,43.28856456817905,xstock_reversion,7.249508884497047
qqqx,qqqx_E0237,2026-09-18T18:10:00Z,2026-09-18T18:10:00Z,5,1,regular,xstock_below_p1a,48.153332760900724,46.88005919340377,46.88005919340377,1.2732735674969575,45.60678562590681,1.0,0,35.025593814896894,19.590628589753532,xstock_reversion,-11.844940515493008
