asset,phase,month,zone,n,raw_mae_bps,p1a_mae_bps,mean_improvement_bps,p1a_better_rate,true_tail_rate,mean_disagreement_bps
nvdax,crossfit,2025-12,all,565,10.614614002318849,6.335646356683396,4.278967645635452,0.7752212389380531,0.02831858407079646,6.706484658372699
nvdax,crossfit,2025-12,watch_or_review,101,19.750642806570532,8.536132927094348,11.214509879476182,0.8910891089108911,0.13861386138613863,16.182175887705355
nvdax,crossfit,2025-12,review,37,26.99143440040555,13.104853181091121,13.886581219314431,0.8648648648648649,0.32432432432432434,22.219356532123662
nvdax,crossfit,2026-01,all,3530,11.22601707852388,8.235355023723354,2.990662054800526,0.6461756373937677,0.06968838526912181,7.8270637808475065
nvdax,crossfit,2026-01,watch_or_review,839,20.146067748408033,11.845611510779506,8.300456237628525,0.7473182359952324,0.2431466030989273,18.367632451242333
nvdax,crossfit,2026-01,review,439,24.006111971795864,13.578436711726066,10.427675260069801,0.7585421412300684,0.36674259681093396,22.84770397479296
nvdax,crossfit,2026-02,all,3507,12.568597660463158,11.202226815710493,1.3663708447526683,0.5765611633875107,0.09295694325634446,9.121419861104236
nvdax,crossfit,2026-02,watch_or_review,917,21.386368679832206,17.662859858512157,3.723508821320048,0.6205016357688113,0.2737186477644493,21.656435679524577
nvdax,crossfit,2026-02,review,538,25.934922460495883,20.89177238680588,5.043150073690004,0.637546468401487,0.38847583643122674,27.604157094954985
nvdax,crossfit,2026-03,all,4129,12.005644784736667,9.784918129322612,2.220726655414054,0.6175829498667958,0.06829740857350448,7.868220197360896
nvdax,crossfit,2026-03,watch_or_review,940,19.121492160723953,13.097665139802983,6.023827020920969,0.7138297872340426,0.20851063829787234,17.874865917793716
nvdax,crossfit,2026-03,review,418,24.46987430130779,16.524451767090248,7.945422534217539,0.7248803827751196,0.36363636363636365,23.800335005336603
nvdax,crossfit,2026-04,all,3954,9.987118982609724,8.644337471794605,1.3427815108151187,0.6140617096611026,0.03186646433990895,6.0408742897855685
nvdax,crossfit,2026-04,watch_or_review,434,20.126962290790054,17.895283215663454,2.2316790751266007,0.5345622119815668,0.19815668202764977,20.23436069323275
nvdax,crossfit,2026-04,review,192,27.030078100746024,23.803585521144644,3.226492579601383,0.5208333333333334,0.3489583333333333,27.900177359624035
nvdax,crossfit,2026-05,all,3803,8.611183872028665,9.335252119104359,-0.7240682470756942,0.5061793321062319,0.018143570865106495,7.529178720911404
nvdax,crossfit,2026-05,watch_or_review,690,13.175774892954642,18.775646796075016,-5.5998719031203725,0.36086956521739133,0.08115942028985507,20.515866641007953
nvdax,crossfit,2026-05,review,354,15.79404488823693,24.23119580880665,-8.437150920569723,0.307909604519774,0.12994350282485875,26.804448948872224
nvdax,crossfit,2026-06,all,2953,6.611369003583304,7.807868783845969,-1.1964997802626647,0.4182187605824585,0.019641043007111413,7.10573496358372
nvdax,crossfit,2026-06,watch_or_review,568,11.093923147709278,15.284723379529025,-4.190800231819748,0.36971830985915494,0.0880281690140845,18.38831080955945
nvdax,crossfit,2026-06,review,267,12.958785303724488,19.222329847724396,-6.263544543999906,0.34831460674157305,0.1348314606741573,23.705237380937294
nvdax,test,2026-06,all,1074,4.171240473110931,6.649561381145546,-2.4783209080346147,0.29981378026070765,0.0111731843575419,5.9086139666119655
nvdax,test,2026-06,watch_or_review,126,9.469572369325386,17.76901712951474,-8.299444760189354,0.2619047619047619,0.05555555555555555,19.087146143670918
nvdax,test,2026-06,review,64,11.340404422465616,23.590341876181668,-12.249937453716054,0.234375,0.09375,24.58607416037123
nvdax,test,2026-07,all,4202,4.302525021685744,7.0253622715690565,-2.7228372498833116,0.3179438362684436,0.006425511661113755,6.0725047476002745
nvdax,test,2026-07,watch_or_review,596,6.828045129044355,16.918362462842822,-10.090317333798467,0.18288590604026847,0.030201342281879196,17.982962797138356
nvdax,test,2026-07,review,251,8.59377189205393,22.696407369783522,-14.102635477729594,0.1752988047808765,0.06374501992031872,24.24124828094617
nvdax,test,2026-08,all,4032,5.076140985165787,6.7278967680363815,-1.6517557828705953,0.3759920634920635,0.014136904761904762,5.4597392697153335
nvdax,test,2026-08,watch_or_review,421,13.0711807329917,20.338489645197072,-7.267308912205372,0.32779097387173395,0.10926365795724466,21.046469337805984
nvdax,test,2026-08,review,199,17.66913769802423,29.180517473959938,-11.511379775935708,0.3015075376884422,0.18592964824120603,29.436936322042317
nvdax,test,2026-09,all,2496,7.165307453772871,6.414975209314004,0.7503322444588673,0.5132211538461539,0.037259615384615384,5.542964897779554
nvdax,test,2026-09,watch_or_review,292,19.63163515369918,14.536161320486467,5.0954738332127105,0.6061643835616438,0.2636986301369863,18.36532225241775
nvdax,test,2026-09,review,139,25.693972150648406,18.609802224624634,7.084169926023771,0.6115107913669064,0.41007194244604317,23.685792438592895
