asset,horizon_min,n,gap_shrink_rate,mean_p1a_catchup_bps,mean_xstock_reversion_bps,mean_underlying_follow_xstock_direction_bps,current_xstock_closer_to_future_underlying_rate,p1a_catchup_rate,xstock_reversion_rate,mixed_convergence_rate,persistent_or_wider_rate
nvdax,5,650,0.8938461538461538,11.168578556510726,10.156694253245787,-0.197954520217044,0.5138461538461538,0.4338461538461538,0.46,0.0,0.10615384615384615
nvdax,15,643,0.9222395023328149,17.833655768478618,7.065032863906642,2.6289104127288256,0.5007776049766719,0.4556765163297045,0.4665629860031104,0.0,0.07776049766718507
nvdax,30,637,0.9167974882260597,18.587214981591078,7.660307280258009,2.3484049845360118,0.4976452119309262,0.47095761381475665,0.44583987441130296,0.0,0.08320251177394035
nvdax,60,627,0.9505582137161085,17.141751974338796,9.329705139579696,-0.10611396894872199,0.46570972886762363,0.4481658692185008,0.5023923444976076,0.0,0.049441786283891544
tslax,5,808,0.8725247524752475,9.714648125289088,3.9740563170140875,0.798926460976424,0.5903465346534653,0.4368811881188119,0.43564356435643564,0.0,0.12747524752475248
tslax,15,805,0.9142857142857143,12.735589543714564,4.765232208767595,-0.5799089133923813,0.5130434782608696,0.46956521739130436,0.44472049689440996,0.0,0.08571428571428572
tslax,30,802,0.9451371571072319,16.462446145724833,0.9607581888411166,2.8722887774077974,0.5349127182044888,0.49875311720698257,0.4463840399002494,0.0,0.05486284289276808
tslax,60,792,0.9343434343434344,21.013681825907938,-3.49935403758905,7.270666278863782,0.5113636363636364,0.4734848484848485,0.46085858585858586,0.0,0.06565656565656566
spyx,5,199,0.949748743718593,-4.999154255367478,101.12853397259548,-0.1471850543029711,0.0,0.0,0.949748743718593,0.0,0.05025125628140704
spyx,15,195,0.9641025641025641,-5.832730787720636,104.42697741617525,-0.7218429269350951,0.0,0.0,0.9641025641025641,0.0,0.035897435897435895
spyx,30,190,0.9263157894736842,-6.839787923435203,106.33476586596163,-2.393321243490822,0.005263157894736842,0.005263157894736842,0.9210526315789473,0.0,0.07368421052631578
spyx,60,183,0.9562841530054644,-7.807674623257527,109.97220009938192,-1.8158874403669563,0.01092896174863388,0.00546448087431694,0.9508196721311475,0.0,0.04371584699453552
qqqx,5,261,0.9770114942528736,17.172453374282444,40.18292874563804,1.3361480612168737,0.26053639846743293,0.2796934865900383,0.6973180076628352,0.0,0.022988505747126436
qqqx,15,262,0.9770992366412213,19.04738262674487,40.58317522407524,1.4784827359440416,0.2595419847328244,0.2633587786259542,0.7137404580152672,0.0,0.022900763358778626
qqqx,30,259,0.9691119691119691,18.988588248145497,39.44918361341012,0.7052834835541636,0.28185328185328185,0.27413127413127414,0.694980694980695,0.0,0.03088803088803089
qqqx,60,256,0.9921875,17.70323031969553,41.432591678928624,-0.35223696552771216,0.2734375,0.2890625,0.703125,0.0,0.0078125
aaplx,5,219,0.9269406392694064,19.960057857794812,39.658732070218356,4.363108747697861,0.3013698630136986,0.2968036529680365,0.6301369863013698,0.0,0.0730593607305936
aaplx,15,219,0.9817351598173516,27.62078258980748,39.512773305988574,4.6904523904766675,0.3013698630136986,0.2968036529680365,0.684931506849315,0.0,0.0182648401826484
aaplx,30,214,0.9719626168224299,28.83532703442591,37.03983433127798,6.950363544132556,0.3037383177570093,0.3177570093457944,0.6542056074766355,0.0,0.028037383177570093
aaplx,60,210,0.9761904761904762,33.90917444608808,32.637552822997705,10.128669927224001,0.3238095238095238,0.3142857142857143,0.6619047619047619,0.0,0.023809523809523808
