asset,phase,block,zone,start_utc,end_utc,n,raw_mae_bps,p1a_mae_bps,mean_improvement_bps,p1a_better_rate,true_tail_rate,mean_disagreement_bps
tslax,crossfit,1,all,2025-12-26T19:10:00Z,2026-02-10T22:25:00Z,5740,13.09777235528318,12.555215876930774,0.5425564783524076,0.5210801393728223,0.09651567944250872,5.357561977231752
tslax,crossfit,1,watch_or_review,2025-12-26T19:10:00Z,2026-02-10T22:25:00Z,1252,23.027759487062493,20.525430463723183,2.5023290233393105,0.5894568690095847,0.29233226837060705,14.181203033367666
tslax,crossfit,1,review,2025-12-26T19:10:00Z,2026-02-10T22:25:00Z,720,27.0112112836312,23.4963857699261,3.5148255137051025,0.6138888888888889,0.36944444444444446,17.829357023320178
tslax,crossfit,2,all,2026-02-10T22:30:00Z,2026-03-26T10:45:00Z,5741,12.597176272692653,12.419879649404884,0.1772966232877715,0.5384079428670964,0.058352203448876504,4.702048150521465
tslax,crossfit,2,watch_or_review,2026-02-10T22:30:00Z,2026-03-26T10:45:00Z,1028,18.25620933891527,18.638587837474635,-0.38237849855936795,0.48638132295719844,0.16439688715953307,12.911148191359588
tslax,crossfit,2,review,2026-02-10T22:30:00Z,2026-03-26T10:45:00Z,455,21.51645509133348,23.029336087509748,-1.512880996176267,0.45054945054945056,0.22857142857142856,17.562485727024796
tslax,crossfit,3,all,2026-03-26T10:50:00Z,2026-05-08T13:10:00Z,5740,10.893141012996912,11.45717195890293,-0.5640309459060178,0.4975609756097561,0.032926829268292684,5.30384546305049
tslax,crossfit,3,watch_or_review,2026-03-26T10:50:00Z,2026-05-08T13:10:00Z,1157,15.884780147230819,18.904608243230395,-3.0198280959995785,0.3863439930855661,0.11581676750216076,14.553808895004298
tslax,crossfit,3,review,2026-03-26T10:50:00Z,2026-05-08T13:10:00Z,549,20.930697635928947,25.21528666218924,-4.284589026260292,0.3806921675774135,0.18761384335154827,20.470905477161562
tslax,crossfit,4,all,2026-05-08T13:15:00Z,2026-06-23T14:15:00Z,5741,6.567317954905588,7.922191855303344,-1.354873900397756,0.4239679498345236,0.012367183417523079,5.054468095598029
tslax,crossfit,4,watch_or_review,2026-05-08T13:15:00Z,2026-06-23T14:15:00Z,1156,9.881499231625977,15.330975861306976,-5.449476629680999,0.28719723183391005,0.050173010380622836,13.05872517290077
tslax,crossfit,4,review,2026-05-08T13:15:00Z,2026-06-23T14:15:00Z,573,12.293117791394968,20.35332512288019,-8.060207331485225,0.23909249563699825,0.09075043630017451,16.995077100066634
tslax,test,1,all,2026-06-23T14:20:00Z,2026-07-15T20:35:00Z,2954,3.579051185893413,5.557219954350807,-1.978168768457395,0.31990521327014215,0.004400812457684496,4.079386674991645
tslax,test,1,watch_or_review,2026-06-23T14:20:00Z,2026-07-15T20:35:00Z,394,6.602690319004483,14.405567115708953,-7.802876796704471,0.1700507614213198,0.02284263959390863,12.838695852163077
tslax,test,1,review,2026-06-23T14:20:00Z,2026-07-15T20:35:00Z,189,8.35883086397744,18.531538639532997,-10.172707775555557,0.17989417989417988,0.026455026455026454,16.798386971271803
tslax,test,2,all,2026-07-15T20:40:00Z,2026-08-06T11:20:00Z,2955,4.054669767232669,6.35553916341344,-2.300869396180771,0.3218274111675127,0.0054145516074450084,4.754529820899112
tslax,test,2,watch_or_review,2026-07-15T20:40:00Z,2026-08-06T11:20:00Z,503,6.50223687980266,14.691247756726026,-8.189010876923366,0.19483101391650098,0.015904572564612324,14.013644934600565
tslax,test,2,review,2026-07-15T20:40:00Z,2026-08-06T11:20:00Z,251,7.632016717439511,19.74415049972419,-12.11213378228468,0.16334661354581673,0.02390438247011952,18.752184312445024
tslax,test,3,all,2026-08-06T11:25:00Z,2026-08-27T17:35:00Z,2955,4.317051036425234,5.493159755882613,-1.1761087194573794,0.3864636209813875,0.010490693739424704,3.943048345199297
tslax,test,3,watch_or_review,2026-08-06T11:25:00Z,2026-08-27T17:35:00Z,397,8.382334632458893,13.25150156155888,-4.869166929099988,0.2947103274559194,0.05793450881612091,12.682463680148588
tslax,test,3,review,2026-08-06T11:25:00Z,2026-08-27T17:35:00Z,172,10.098642355328657,17.288020463101812,-7.189378107773157,0.2616279069767442,0.09302325581395349,17.179423796339552
tslax,test,4,all,2026-08-27T17:40:00Z,2026-09-18T23:55:00Z,2955,5.032309149656012,6.086008410281903,-1.053699260625891,0.4087986463620981,0.013197969543147208,4.211088191490404
tslax,test,4,watch_or_review,2026-08-27T17:40:00Z,2026-09-18T23:55:00Z,413,9.858978340694925,14.692929774501744,-4.83395143380682,0.3171912832929782,0.06537530266343826,13.374644896519198
tslax,test,4,review,2026-08-27T17:40:00Z,2026-09-18T23:55:00Z,199,12.624008139888023,20.136191799333258,-7.512183659445234,0.2613065326633166,0.11055276381909548,17.933263297202124
