asset,feature,p1a_better_n,p1a_worse_n,p1a_better_mean,p1a_worse_mean,mean_difference_better_minus_worse,p1a_better_median,p1a_worse_median
tslax,signed_disagreement_bps,172,639,-2.1637715568866884,-0.6933220322410562,-1.4704495246456322,-11.57339779405131,-11.245583539398751
tslax,disagreement_bps,172,639,16.775260748062816,18.028057653272135,-1.252796905209319,14.508930929948427,15.413184617205644
tslax,signed_disagreement_z,172,639,-0.07414548643336336,-0.02468392960780883,-0.049461556825554524,-0.39752950045707974,-0.3805447474604681
tslax,innovation_abs_z,172,639,1.8338647628934572,2.131001368576771,-0.29713660568331357,1.6596573500499399,1.84710682022095
tslax,pred_sd_bps,172,639,29.00977267284857,29.18445977596427,-0.17468710311570135,28.804653559989102,29.5365622599107
tslax,xret_1_bps,172,639,-6.017615157789794,0.2871199207228676,-6.304735078512661,-18.4793556092977,6.380522800704114
tslax,xret_3_bps,172,639,-4.316474179016281,-1.3459190940064558,-2.9705550850098255,-12.568787351501243,1.1361044484026195
tslax,xret_6_bps,172,639,-5.083366399849056,-1.7687651363478978,-3.3146012635011584,-6.039843882699181,0.6566799187002204
tslax,xvol_6_bps,172,639,25.0338649083126,31.793130742349746,-6.759265834037144,20.22671234051726,27.18410362511419
tslax,dchg_1_bps,172,639,-1.9124001035863722,-0.023994135230591258,-1.888405968355781,-5.282258342695911,-0.5662453686028357
tslax,dchg_3_bps,172,639,-0.7971107776454843,0.1657844138454525,-0.9628951914909368,-5.470416352348906,0.7851631709954177
tslax,lag_alignment_3,172,639,0.9534883720930233,0.94679186228482,0.006696509808203244,1.0,1.0
