feature,coefficient
(intercept),-0.0319766649287709
signed_disagreement_bps,-0.25581251385939774
disagreement_bps,0.08425707016805385
signed_disagreement_z,0.3141939271291311
innovation_z,-0.1431028669570891
innovation_abs_z,-0.07359702437361024
pred_sd_bps,0.4521070306110475
xret_1_bps,-0.038729433807790446
xret_3_bps,-0.017123330114545088
xret_6_bps,0.01911535343342353
p1aret_1_bps,-0.03828217578455678
p1aret_3_bps,-0.015814304841352912
dchg_1_bps,0.006401553987188335
dchg_3_bps,0.030202295154334556
xvol_6_bps,-0.19035211274456107
lag_alignment_1,-0.05622440474768202
lag_alignment_3,-0.015762184492414327
session_premarket,0.025762149184415606
session_regular,-0.3001350081111348
session_afterhours,0.3235719937387983
session_overnight,0.0
session_closed,0.0
